Time,PositionX,PositionY,PositionZ,RotationX,RotationY,RotationZ,VelocityX,VelocityY,VelocityZ,AccelerationX,AccelerationY,AccelerationZ,MassFuel,MassStructural,CsArea,Cd,Thrust,ForceThrustX,ForceThrustY,ForceThrustZ,Isp,EngineAngleX,EngineAngleY
0,0, 0, 0, 0, 0, 0, 0, 0, 0, 0, 0, 0, 3.2, 7.41, 0.0079, 0.8, 600, 0, 0, 600, 190, 0, 0
0.05,0, 0, 0.178345, 0, 0, 0, 0, 0, 3.5669, 0, 0, 71.338, 3.1839, 7.3939, 0.0079, 0.8, 600, 0, 0, 600, 190, 0, 0
0.1,0, 0, 0.535461, 0, 0, 0, 0, 0, 7.14232, 0, 0, 71.5084, 3.1678, 7.3778, 0.0079, 0.8, 600, 0, 0, 600, 190, 0, 0
0.15,0, 0, 1.07174, 0, 0, 0, 0, 0, 10.7256, 0, 0, 71.6661, 3.1517, 7.3617, 0.0079, 0.8, 600, 0, 0, 600, 190, 0, 0
0.2,0, 0, 1.78755, 0, 0, 0, 0, 0, 14.3162, 0, 0, 71.811, 3.1356, 7.3456, 0.0079, 0.8, 600, 0, 0, 600, 190, 0, 0
0.25,0, 0, 2.68322, 0, 0, 0, 0, 0, 17.9133, 0, 0, 71.9428, 3.1195, 7.3295, 0.0079, 0.8, 600, 0, 0, 600, 190, 0, 0
0.3,0, 0, 3.75904, 0, 0, 0, 0, 0, 21.5164, 0, 0, 72.0614, 3.1034, 7.3134, 0.0079, 0.8, 600, 0, 0, 600, 190, 0, 0
0.35,0, 0, 5.01527, 0, 0, 0, 0, 0, 25.1247, 0, 0, 72.1668, 3.08729, 7.29729, 0.0079, 0.8, 600, 0, 0, 600, 190, 0, 0
0.4,0, 0, 6.45215, 0, 0, 0, 0, 0, 28.7377, 0, 0, 72.2586, 3.07119, 7.28119, 0.0079, 0.8, 600, 0, 0, 600, 190, 0, 0
0.45,0, 0, 8.06988, 0, 0, 0, 0, 0, 32.3545, 0, 0, 72.3369, 3.05509, 7.26509, 0.0079, 0.8, 600, 0, 0, 600, 190, 0, 0
0.5,0, 0, 9.86861, 0, 0, 0, 0, 0, 35.9746, 0, 0, 72.4016, 3.03899, 7.24899, 0.0079, 0.8, 600, 0, 0, 600, 190, 0, 0
0.55,0, 0, 11.8485, 0, 0, 0, 0, 0, 39.5972, 0, 0, 72.4524, 3.02289, 7.23289, 0.0079, 0.8, 600, 0, 0, 600, 190, 0, 0
0.6,0, 0, 14.0096, 0, 0, 0, 0, 0, 43.2217, 0, 0, 72.4894, 3.00679, 7.21679, 0.0079, 0.8, 600, 0, 0, 600, 190, 0, 0
0.65,0, 0, 16.3519, 0, 0, 0, 0, 0, 46.8473, 0, 0, 72.5124, 2.99069, 7.20069, 0.0079, 0.8, 600, 0, 0, 600, 190, 0, 0
0.7,0, 0, 18.8756, 0, 0, 0, 0, 0, 50.4734, 0, 0, 72.5215, 2.97459, 7.18459, 0.0079, 0.8, 600, 0, 0, 600, 190, 0, 0
0.75,0, 0, 21.5805, 0, 0, 0, 0, 0, 54.0992, 0, 0, 72.5165, 2.95849, 7.16849, 0.0079, 0.8, 600, 0, 0, 600, 190, 0, 0
0.8,0, 0, 24.4667, 0, 0, 0, 0, 0, 57.7241, 0, 0, 72.4974, 2.94239, 7.15239, 0.0079, 0.8, 600, 0, 0, 600, 190, 0, 0
0.85,0, 0, 27.5341, 0, 0, 0, 0, 0, 61.3473, 0, 0, 72.4641, 2.92629, 7.13629, 0.0079, 0.8, 600, 0, 0, 600, 190, 0, 0
0.9,0, 0, 30.7825, 0, 0, 0, 0, 0, 64.9681, 0, 0, 72.4168, 2.91019, 7.12019, 0.0079, 0.8, 600, 0, 0, 600, 190, 0, 0
0.95,0, 0, 34.2118, 0, 0, 0, 0, 0, 68.5859, 0, 0, 72.3553, 2.89409, 7.10409, 0.0079, 0.8, 600, 0, 0, 600, 190, 0, 0
1,0, 0, 37.8218, 0, 0, 0, 0, 0, 72.1998, 0, 0, 72.2797, 2.87798, 7.08798, 0.0079, 0.8, 600, 0, 0, 600, 190, 0, 0
1.05,0, 0, 41.6123, 0, 0, 0, 0, 0, 75.8093, 0, 0, 72.19, 2.86188, 7.07188, 0.0079, 0.8, 600, 0, 0, 600, 190, 0, 0
1.1,0, 0, 45.583, 0, 0, 0, 0, 0, 79.4137, 0, 0, 72.0862, 2.84578, 7.05578, 0.0079, 0.8, 600, 0, 0, 600, 190, 0, 0
1.15,0, 0, 49.7336, 0, 0, 0, 0, 0, 83.0121, 0, 0, 71.9684, 2.82968, 7.03968, 0.0079, 0.8, 600, 0, 0, 600, 190, 0, 0
1.2,0, 0, 54.0638, 0, 0, 0, 0, 0, 86.6039, 0, 0, 71.8367, 2.81358, 7.02358, 0.0079, 0.8, 600, 0, 0, 600, 190, 0, 0
1.25,0, 0, 58.5732, 0, 0, 0, 0, 0, 90.1885, 0, 0, 71.691, 2.79748, 7.00748, 0.0079, 0.8, 600, 0, 0, 600, 190, 0, 0
1.3,0, 0, 63.2614, 0, 0, 0, 0, 0, 93.765, 0, 0, 71.5316, 2.78138, 6.99138, 0.0079, 0.8, 600, 0, 0, 600, 190, 0, 0
1.35,0, 0, 68.1281, 0, 0, 0, 0, 0, 97.333, 0, 0, 71.3585, 2.76528, 6.97528, 0.0079, 0.8, 600, 0, 0, 600, 190, 0, 0
1.4,0, 0, 73.1727, 0, 0, 0, 0, 0, 100.892, 0, 0, 71.1718, 2.74918, 6.95918, 0.0079, 0.8, 600, 0, 0, 600, 190, 0, 0
1.45,0, 0, 78.3947, 0, 0, 0, 0, 0, 104.44, 0, 0, 70.9716, 2.73308, 6.94308, 0.0079, 0.8, 600, 0, 0, 600, 190, 0, 0
1.5,0, 0, 83.7936, 0, 0, 0, 0, 0, 107.978, 0, 0, 70.7581, 2.71698, 6.92698, 0.0079, 0.8, 600, 0, 0, 600, 190, 0, 0
1.55,0, 0, 89.3688, 0, 0, 0, 0, 0, 111.505, 0, 0, 70.5313, 2.70088, 6.91088, 0.0079, 0.8, 600, 0, 0, 600, 190, 0, 0
1.6,0, 0, 95.1198, 0, 0, 0, 0, 0, 115.019, 0, 0, 70.2916, 2.68477, 6.89477, 0.0079, 0.8, 600, 0, 0, 600, 190, 0, 0
1.65,0, 0, 101.046, 0, 0, 0, 0, 0, 118.521, 0, 0, 70.039, 2.66867, 6.87867, 0.0079, 0.8, 600, 0, 0, 600, 190, 0, 0
1.7,0, 0, 107.146, 0, 0, 0, 0, 0, 122.01, 0, 0, 69.7736, 2.65257, 6.86257, 0.0079, 0.8, 600, 0, 0, 600, 190, 0, 0
1.75,0, 0, 113.421, 0, 0, 0, 0, 0, 125.485, 0, 0, 69.4958, 2.63647, 6.84647, 0.0079, 0.8, 600, 0, 0, 600, 190, 0, 0
1.8,0, 0, 119.868, 0, 0, 0, 0, 0, 128.945, 0, 0, 69.2057, 2.62037, 6.83037, 0.0079, 0.8, 600, 0, 0, 600, 190, 0, 0
1.85,0, 0, 126.487, 0, 0, 0, 0, 0, 132.39, 0, 0, 68.9035, 2.60427, 6.81427, 0.0079, 0.8, 600, 0, 0, 600, 190, 0, 0
1.9,0, 0, 133.278, 0, 0, 0, 0, 0, 135.82, 0, 0, 68.5894, 2.58817, 6.79817, 0.0079, 0.8, 600, 0, 0, 600, 190, 0, 0
1.95,0, 0, 140.24, 0, 0, 0, 0, 0, 139.233, 0, 0, 68.2637, 2.57207, 6.78207, 0.0079, 0.8, 600, 0, 0, 600, 190, 0, 0
2,0, 0, 147.371, 0, 0, 0, 0, 0, 142.629, 0, 0, 67.9265, 2.55597, 6.76597, 0.0079, 0.8, 600, 0, 0, 600, 190, 0, 0
2.05,0, 0, 154.672, 0, 0, 0, 0, 0, 146.008, 0, 0, 67.5782, 2.53987, 6.74987, 0.0079, 0.8, 600, 0, 0, 600, 190, 0, 0
2.1,0, 0, 162.14, 0, 0, 0, 0, 0, 149.369, 0, 0, 67.219, 2.52377, 6.73377, 0.0079, 0.8, 600, 0, 0, 600, 190, 0, 0
2.15,0, 0, 169.776, 0, 0, 0, 0, 0, 152.711, 0, 0, 66.8491, 2.50767, 6.71767, 0.0079, 0.8, 600, 0, 0, 600, 190, 0, 0
2.2,0, 0, 177.577, 0, 0, 0, 0, 0, 156.035, 0, 0, 66.4688, 2.49157, 6.70157, 0.0079, 0.8, 600, 0, 0, 600, 190, 0, 0
2.25,0, 0, 185.544, 0, 0, 0, 0, 0, 159.339, 0, 0, 66.0785, 2.47546, 6.68546, 0.0079, 0.8, 600, 0, 0, 600, 190, 0, 0
2.3,0, 0, 193.676, 0, 0, 0, 0, 0, 162.623, 0, 0, 65.6783, 2.45936, 6.66936, 0.0079, 0.8, 600, 0, 0, 600, 190, 0, 0
2.35,0, 0, 201.97, 0, 0, 0, 0, 0, 165.886, 0, 0, 65.2685, 2.44326, 6.65326, 0.0079, 0.8, 600, 0, 0, 600, 190, 0, 0
2.4,0, 0, 210.426, 0, 0, 0, 0, 0, 169.129, 0, 0, 64.8495, 2.42716, 6.63716, 0.0079, 0.8, 600, 0, 0, 600, 190, 0, 0
2.45,0, 0, 219.044, 0, 0, 0, 0, 0, 172.35, 0, 0, 64.4216, 2.41106, 6.62106, 0.0079, 0.8, 600, 0, 0, 600, 190, 0, 0
2.5,0, 0, 227.821, 0, 0, 0, 0, 0, 175.549, 0, 0, 63.985, 2.39496, 6.60496, 0.0079, 0.8, 600, 0, 0, 600, 190, 0, 0
2.55,0, 0, 236.758, 0, 0, 0, 0, 0, 178.726, 0, 0, 63.5401, 2.37886, 6.58886, 0.0079, 0.8, 600, 0, 0, 600, 190, 0, 0
2.6,0, 0, 245.852, 0, 0, 0, 0, 0, 181.88, 0, 0, 63.0871, 2.36276, 6.57276, 0.0079, 0.8, 600, 0, 0, 600, 190, 0, 0
2.65,0, 0, 255.102, 0, 0, 0, 0, 0, 185.012, 0, 0, 62.6264, 2.34666, 6.55666, 0.0079, 0.8, 600, 0, 0, 600, 190, 0, 0
2.7,0, 0, 264.508, 0, 0, 0, 0, 0, 188.119, 0, 0, 62.1584, 2.33056, 6.54056, 0.0079, 0.8, 600, 0, 0, 600, 190, 0, 0
2.75,0, 0, 274.068, 0, 0, 0, 0, 0, 191.204, 0, 0, 61.6832, 2.31446, 6.52446, 0.0079, 0.8, 600, 0, 0, 600, 190, 0, 0
2.8,0, 0, 283.781, 0, 0, 0, 0, 0, 194.264, 0, 0, 61.2013, 2.29836, 6.50836, 0.0079, 0.8, 600, 0, 0, 600, 190, 0, 0
2.85,0, 0, 293.646, 0, 0, 0, 0, 0, 197.299, 0, 0, 60.713, 2.28226, 6.49226, 0.0079, 0.8, 600, 0, 0, 600, 190, 0, 0
2.9,0, 0, 303.662, 0, 0, 0, 0, 0, 200.31, 0, 0, 60.2186, 2.26615, 6.47615, 0.0079, 0.8, 600, 0, 0, 600, 190, 0, 0
2.95,0, 0, 313.827, 0, 0, 0, 0, 0, 203.296, 0, 0, 59.7184, 2.25005, 6.46005, 0.0079, 0.8, 600, 0, 0, 600, 190, 0, 0
3,0, 0, 324.14, 0, 0, 0, 0, 0, 206.257, 0, 0, 59.2127, 2.23395, 6.44395, 0.0079, 0.8, 600, 0, 0, 600, 190, 0, 0
3.05,0, 0, 334.599, 0, 0, 0, 0, 0, 209.192, 0, 0, 58.7019, 2.21785, 6.42785, 0.0079, 0.8, 600, 0, 0, 600, 190, 0, 0
3.1,0, 0, 345.204, 0, 0, 0, 0, 0, 212.101, 0, 0, 58.1863, 2.20175, 6.41175, 0.0079, 0.8, 600, 0, 0, 600, 190, 0, 0
3.15,0, 0, 355.953, 0, 0, 0, 0, 0, 214.985, 0, 0, 57.6662, 2.18565, 6.39565, 0.0079, 0.8, 600, 0, 0, 600, 190, 0, 0
3.2,0, 0, 366.846, 0, 0, 0, 0, 0, 217.842, 0, 0, 57.1419, 2.16955, 6.37955, 0.0079, 0.8, 600, 0, 0, 600, 190, 0, 0
3.25,0, 0, 377.879, 0, 0, 0, 0, 0, 220.672, 0, 0, 56.6138, 2.15345, 6.36345, 0.0079, 0.8, 600, 0, 0, 600, 190, 0, 0
3.3,0, 0, 389.053, 0, 0, 0, 0, 0, 223.476, 0, 0, 56.0822, 2.13735, 6.34735, 0.0079, 0.8, 600, 0, 0, 600, 190, 0, 0
3.35,0, 0, 400.366, 0, 0, 0, 0, 0, 226.254, 0, 0, 55.5474, 2.12125, 6.33125, 0.0079, 0.8, 600, 0, 0, 600, 190, 0, 0
3.4,0, 0, 411.816, 0, 0, 0, 0, 0, 229.004, 0, 0, 55.0097, 2.10515, 6.31515, 0.0079, 0.8, 600, 0, 0, 600, 190, 0, 0
3.45,0, 0, 423.402, 0, 0, 0, 0, 0, 231.728, 0, 0, 54.4694, 2.08905, 6.29905, 0.0079, 0.8, 600, 0, 0, 600, 190, 0, 0
3.5,0, 0, 435.123, 0, 0, 0, 0, 0, 234.424, 0, 0, 53.9268, 2.07295, 6.28295, 0.0079, 0.8, 600, 0, 0, 600, 190, 0, 0
3.55,0, 0, 446.978, 0, 0, 0, 0, 0, 237.093, 0, 0, 53.3823, 2.05684, 6.26684, 0.0079, 0.8, 600, 0, 0, 600, 190, 0, 0
3.6,0, 0, 458.965, 0, 0, 0, 0, 0, 239.735, 0, 0, 52.836, 2.04074, 6.25074, 0.0079, 0.8, 600, 0, 0, 600, 190, 0, 0
3.65,0, 0, 471.082, 0, 0, 0, 0, 0, 242.349, 0, 0, 52.2884, 2.02464, 6.23464, 0.0079, 0.8, 600, 0, 0, 600, 190, 0, 0
3.7,0, 0, 483.329, 0, 0, 0, 0, 0, 244.936, 0, 0, 51.7397, 2.00854, 6.21854, 0.0079, 0.8, 600, 0, 0, 600, 190, 0, 0
3.75,0, 0, 495.704, 0, 0, 0, 0, 0, 247.496, 0, 0, 51.1902, 1.99244, 6.20244, 0.0079, 0.8, 600, 0, 0, 600, 190, 0, 0
3.8,0, 0, 508.205, 0, 0, 0, 0, 0, 250.028, 0, 0, 50.6402, 1.97634, 6.18634, 0.0079, 0.8, 600, 0, 0, 600, 190, 0, 0
3.85,0, 0, 520.832, 0, 0, 0, 0, 0, 252.532, 0, 0, 50.0899, 1.96024, 6.17024, 0.0079, 0.8, 600, 0, 0, 600, 190, 0, 0
3.9,0, 0, 533.582, 0, 0, 0, 0, 0, 255.009, 0, 0, 49.5396, 1.94414, 6.15414, 0.0079, 0.8, 600, 0, 0, 600, 190, 0, 0
3.95,0, 0, 546.455, 0, 0, 0, 0, 0, 257.459, 0, 0, 48.9896, 1.92804, 6.13804, 0.0079, 0.8, 600, 0, 0, 600, 190, 0, 0
4,0, 0, 559.449, 0, 0, 0, 0, 0, 259.881, 0, 0, 48.4402, 1.91194, 6.12194, 0.0079, 0.8, 600, 0, 0, 600, 190, 0, 0
4.05,0, 0, 572.563, 0, 0, 0, 0, 0, 262.275, 0, 0, 47.8915, 1.89584, 6.10584, 0.0079, 0.8, 600, 0, 0, 600, 190, 0, 0
4.1,0, 0, 585.795, 0, 0, 0, 0, 0, 264.643, 0, 0, 47.3439, 1.87974, 6.08974, 0.0079, 0.8, 600, 0, 0, 600, 190, 0, 0
4.15,0, 0, 599.145, 0, 0, 0, 0, 0, 266.983, 0, 0, 46.7976, 1.86364, 6.07364, 0.0079, 0.8, 600, 0, 0, 600, 190, 0, 0
4.2,0, 0, 612.609, 0, 0, 0, 0, 0, 269.295, 0, 0, 46.2527, 1.84753, 6.05753, 0.0079, 0.8, 600, 0, 0, 600, 190, 0, 0
4.25,0, 0, 626.188, 0, 0, 0, 0, 0, 271.581, 0, 0, 45.7096, 1.83143, 6.04143, 0.0079, 0.8, 600, 0, 0, 600, 190, 0, 0
4.3,0, 0, 639.88, 0, 0, 0, 0, 0, 273.839, 0, 0, 45.1685, 1.81533, 6.02533, 0.0079, 0.8, 600, 0, 0, 600, 190, 0, 0
4.35,0, 0, 653.684, 0, 0, 0, 0, 0, 276.071, 0, 0, 44.6295, 1.79923, 6.00923, 0.0079, 0.8, 600, 0, 0, 600, 190, 0, 0
4.4,0, 0, 667.598, 0, 0, 0, 0, 0, 278.275, 0, 0, 44.0929, 1.78313, 5.99313, 0.0079, 0.8, 600, 0, 0, 600, 190, 0, 0
4.45,0, 0, 681.62, 0, 0, 0, 0, 0, 280.453, 0, 0, 43.5589, 1.76703, 5.97703, 0.0079, 0.8, 600, 0, 0, 600, 190, 0, 0
4.5,0, 0, 695.75, 0, 0, 0, 0, 0, 282.605, 0, 0, 43.0276, 1.75093, 5.96093, 0.0079, 0.8, 600, 0, 0, 600, 190, 0, 0
4.55,0, 0, 709.987, 0, 0, 0, 0, 0, 284.73, 0, 0, 42.4994, 1.73483, 5.94483, 0.0079, 0.8, 600, 0, 0, 600, 190, 0, 0
4.6,0, 0, 724.328, 0, 0, 0, 0, 0, 286.828, 0, 0, 41.9742, 1.71873, 5.92873, 0.0079, 0.8, 600, 0, 0, 600, 190, 0, 0
4.65,0, 0, 738.773, 0, 0, 0, 0, 0, 288.901, 0, 0, 41.4524, 1.70263, 5.91263, 0.0079, 0.8, 600, 0, 0, 600, 190, 0, 0
4.7,0, 0, 753.321, 0, 0, 0, 0, 0, 290.948, 0, 0, 40.934, 1.68653, 5.89653, 0.0079, 0.8, 600, 0, 0, 600, 190, 0, 0
4.75,0, 0, 767.969, 0, 0, 0, 0, 0, 292.969, 0, 0, 40.4193, 1.67043, 5.88043, 0.0079, 0.8, 600, 0, 0, 600, 190, 0, 0
4.8,0, 0, 782.717, 0, 0, 0, 0, 0, 294.964, 0, 0, 39.9083, 1.65432, 5.86432, 0.0079, 0.8, 600, 0, 0, 600, 190, 0, 0
4.85,0, 0, 797.564, 0, 0, 0, 0, 0, 296.934, 0, 0, 39.4013, 1.63822, 5.84822, 0.0079, 0.8, 600, 0, 0, 600, 190, 0, 0
4.9,0, 0, 812.508, 0, 0, 0, 0, 0, 298.879, 0, 0, 38.8984, 1.62212, 5.83212, 0.0079, 0.8, 600, 0, 0, 600, 190, 0, 0
4.95,0, 0, 827.548, 0, 0, 0, 0, 0, 300.799, 0, 0, 38.3996, 1.60602, 5.81602, 0.0079, 0.8, 600, 0, 0, 600, 190, 0, 0
5,0, 0, 842.683, 0, 0, 0, 0, 0, 302.694, 0, 0, 37.9053, 1.58992, 5.79992, 0.0079, 0.8, 600, 0, 0, 600, 190, 0, 0
5.05,0, 0, 857.911, 0, 0, 0, 0, 0, 304.565, 0, 0, 37.4153, 1.57382, 5.78382, 0.0079, 0.8, 600, 0, 0, 600, 190, 0, 0
5.1,0, 0, 873.231, 0, 0, 0, 0, 0, 306.411, 0, 0, 36.93, 1.55772, 5.76772, 0.0079, 0.8, 600, 0, 0, 600, 190, 0, 0
5.15,0, 0, 888.643, 0, 0, 0, 0, 0, 308.234, 0, 0, 36.4493, 1.54162, 5.75162, 0.0079, 0.8, 600, 0, 0, 600, 190, 0, 0
5.2,0, 0, 904.145, 0, 0, 0, 0, 0, 310.033, 0, 0, 35.9734, 1.52552, 5.73552, 0.0079, 0.8, 600, 0, 0, 600, 190, 0, 0
5.25,0, 0, 919.735, 0, 0, 0, 0, 0, 311.808, 0, 0, 35.5023, 1.50942, 5.71942, 0.0079, 0.8, 600, 0, 0, 600, 190, 0, 0
5.3,0, 0, 935.413, 0, 0, 0, 0, 0, 313.559, 0, 0, 35.0362, 1.49332, 5.70332, 0.0079, 0.8, 600, 0, 0, 600, 190, 0, 0
5.35,0, 0, 951.178, 0, 0, 0, 0, 0, 315.288, 0, 0, 34.5752, 1.47722, 5.68722, 0.0079, 0.8, 600, 0, 0, 600, 190, 0, 0
5.4,0, 0, 967.027, 0, 0, 0, 0, 0, 316.994, 0, 0, 34.1193, 1.46112, 5.67112, 0.0079, 0.8, 600, 0, 0, 600, 190, 0, 0
5.45,0, 0, 982.961, 0, 0, 0, 0, 0, 318.678, 0, 0, 33.6686, 1.44501, 5.65501, 0.0079, 0.8, 600, 0, 0, 600, 190, 0, 0
5.5,0, 0, 998.978, 0, 0, 0, 0, 0, 320.339, 0, 0, 33.2231, 1.42891, 5.63891, 0.0079, 0.8, 600, 0, 0, 600, 190, 0, 0
5.55,0, 0, 1015.08, 0, 0, 0, 0, 0, 321.978, 0, 0, 32.783, 1.41281, 5.62281, 0.0079, 0.8, 600, 0, 0, 600, 190, 0, 0
5.6,0, 0, 1031.26, 0, 0, 0, 0, 0, 323.595, 0, 0, 32.3483, 1.39671, 5.60671, 0.0079, 0.8, 600, 0, 0, 600, 190, 0, 0
5.65,0, 0, 1047.52, 0, 0, 0, 0, 0, 325.191, 0, 0, 31.919, 1.38061, 5.59061, 0.0079, 0.8, 600, 0, 0, 600, 190, 0, 0
5.7,0, 0, 1063.85, 0, 0, 0, 0, 0, 326.766, 0, 0, 31.4951, 1.36451, 5.57451, 0.0079, 0.8, 600, 0, 0, 600, 190, 0, 0
5.75,0, 0, 1080.27, 0, 0, 0, 0, 0, 328.32, 0, 0, 31.0768, 1.34841, 5.55841, 0.0079, 0.8, 600, 0, 0, 600, 190, 0, 0
5.8,0, 0, 1096.76, 0, 0, 0, 0, 0, 329.853, 0, 0, 30.664, 1.33231, 5.54231, 0.0079, 0.8, 600, 0, 0, 600, 190, 0, 0
5.85,0, 0, 1113.33, 0, 0, 0, 0, 0, 331.366, 0, 0, 30.2568, 1.31621, 5.52621, 0.0079, 0.8, 600, 0, 0, 600, 190, 0, 0
5.9,0, 0, 1129.97, 0, 0, 0, 0, 0, 332.859, 0, 0, 29.8552, 1.30011, 5.51011, 0.0079, 0.8, 600, 0, 0, 600, 190, 0, 0
5.95,0, 0, 1146.69, 0, 0, 0, 0, 0, 334.332, 0, 0, 29.4593, 1.28401, 5.49401, 0.0079, 0.8, 600, 0, 0, 600, 190, 0, 0
6,0, 0, 1163.48, 0, 0, 0, 0, 0, 335.785, 0, 0, 29.069, 1.26791, 5.47791, 0.0079, 0.8, 600, 0, 0, 600, 190, 0, 0
6.05,0, 0, 1180.34, 0, 0, 0, 0, 0, 337.219, 0, 0, 28.6843, 1.25181, 5.46181, 0.0079, 0.8, 600, 0, 0, 600, 190, 0, 0
6.1,0, 0, 1197.27, 0, 0, 0, 0, 0, 338.635, 0, 0, 28.3054, 1.2357, 5.4457, 0.0079, 0.8, 600, 0, 0, 600, 190, 0, 0
6.15,0, 0, 1214.27, 0, 0, 0, 0, 0, 340.031, 0, 0, 27.9321, 1.2196, 5.4296, 0.0079, 0.8, 600, 0, 0, 600, 190, 0, 0
6.2,0, 0, 1231.35, 0, 0, 0, 0, 0, 341.409, 0, 0, 27.5645, 1.2035, 5.4135, 0.0079, 0.8, 600, 0, 0, 600, 190, 0, 0
6.25,0, 0, 1248.48, 0, 0, 0, 0, 0, 342.77, 0, 0, 27.2026, 1.1874, 5.3974, 0.0079, 0.8, 600, 0, 0, 600, 190, 0, 0
6.3,0, 0, 1265.69, 0, 0, 0, 0, 0, 344.112, 0, 0, 26.8463, 1.1713, 5.3813, 0.0079, 0.8, 600, 0, 0, 600, 190, 0, 0
6.35,0, 0, 1282.96, 0, 0, 0, 0, 0, 345.437, 0, 0, 26.4958, 1.1552, 5.3652, 0.0079, 0.8, 600, 0, 0, 600, 190, 0, 0
6.4,0, 0, 1300.3, 0, 0, 0, 0, 0, 346.744, 0, 0, 26.1509, 1.1391, 5.3491, 0.0079, 0.8, 600, 0, 0, 600, 190, 0, 0
6.45,0, 0, 1317.7, 0, 0, 0, 0, 0, 348.035, 0, 0, 25.8116, 1.123, 5.333, 0.0079, 0.8, 600, 0, 0, 600, 190, 0, 0
6.5,0, 0, 1335.17, 0, 0, 0, 0, 0, 349.309, 0, 0, 25.478, 1.1069, 5.3169, 0.0079, 0.8, 600, 0, 0, 600, 190, 0, 0
6.55,0, 0, 1352.69, 0, 0, 0, 0, 0, 350.566, 0, 0, 25.1499, 1.0908, 5.3008, 0.0079, 0.8, 600, 0, 0, 600, 190, 0, 0
6.6,0, 0, 1370.28, 0, 0, 0, 0, 0, 351.808, 0, 0, 24.8275, 1.0747, 5.2847, 0.0079, 0.8, 600, 0, 0, 600, 190, 0, 0
6.65,0, 0, 1387.94, 0, 0, 0, 0, 0, 353.033, 0, 0, 24.5106, 1.0586, 5.2686, 0.0079, 0.8, 600, 0, 0, 600, 190, 0, 0
6.7,0, 0, 1405.65, 0, 0, 0, 0, 0, 354.243, 0, 0, 24.1993, 1.0425, 5.2525, 0.0079, 0.8, 600, 0, 0, 600, 190, 0, 0
6.75,0, 0, 1423.42, 0, 0, 0, 0, 0, 355.438, 0, 0, 23.8935, 1.02639, 5.23639, 0.0079, 0.8, 600, 0, 0, 600, 190, 0, 0
6.8,0, 0, 1441.25, 0, 0, 0, 0, 0, 356.617, 0, 0, 23.5931, 1.01029, 5.22029, 0.0079, 0.8, 600, 0, 0, 600, 190, 0, 0
6.85,0, 0, 1459.14, 0, 0, 0, 0, 0, 357.782, 0, 0, 23.2982, 0.994193, 5.20419, 0.0079, 0.8, 600, 0, 0, 600, 190, 0, 0
6.9,0, 0, 1477.09, 0, 0, 0, 0, 0, 358.933, 0, 0, 23.0087, 0.978092, 5.18809, 0.0079, 0.8, 600, 0, 0, 600, 190, 0, 0
6.95,0, 0, 1495.09, 0, 0, 0, 0, 0, 360.069, 0, 0, 22.7245, 0.961991, 5.17199, 0.0079, 0.8, 600, 0, 0, 600, 190, 0, 0
7,0, 0, 1513.15, 0, 0, 0, 0, 0, 361.191, 0, 0, 22.4457, 0.94589, 5.15589, 0.0079, 0.8, 600, 0, 0, 600, 190, 0, 0
7.05,0, 0, 1531.26, 0, 0, 0, 0, 0, 362.3, 0, 0, 22.1722, 0.92979, 5.13979, 0.0079, 0.8, 600, 0, 0, 600, 190, 0, 0
7.1,0, 0, 1549.43, 0, 0, 0, 0, 0, 363.395, 0, 0, 21.9039, 0.913689, 5.12369, 0.0079, 0.8, 600, 0, 0, 600, 190, 0, 0
7.15,0, 0, 1567.66, 0, 0, 0, 0, 0, 364.477, 0, 0, 21.6408, 0.897588, 5.10759, 0.0079, 0.8, 600, 0, 0, 600, 190, 0, 0
7.2,0, 0, 1585.94, 0, 0, 0, 0, 0, 365.546, 0, 0, 21.3829, 0.881487, 5.09149, 0.0079, 0.8, 600, 0, 0, 600, 190, 0, 0
7.25,0, 0, 1604.27, 0, 0, 0, 0, 0, 366.603, 0, 0, 21.13, 0.865387, 5.07539, 0.0079, 0.8, 600, 0, 0, 600, 190, 0, 0
7.3,0, 0, 1622.65, 0, 0, 0, 0, 0, 367.647, 0, 0, 20.8823, 0.849286, 5.05929, 0.0079, 0.8, 600, 0, 0, 600, 190, 0, 0
7.35,0, 0, 1641.08, 0, 0, 0, 0, 0, 368.679, 0, 0, 20.6395, 0.833185, 5.04319, 0.0079, 0.8, 600, 0, 0, 600, 190, 0, 0
7.4,0, 0, 1659.57, 0, 0, 0, 0, 0, 369.699, 0, 0, 20.4017, 0.817084, 5.02708, 0.0079, 0.8, 600, 0, 0, 600, 190, 0, 0
7.45,0, 0, 1678.1, 0, 0, 0, 0, 0, 370.707, 0, 0, 20.1688, 0.800983, 5.01098, 0.0079, 0.8, 600, 0, 0, 600, 190, 0, 0
7.5,0, 0, 1696.69, 0, 0, 0, 0, 0, 371.704, 0, 0, 19.9408, 0.784883, 4.99488, 0.0079, 0.8, 600, 0, 0, 600, 190, 0, 0
7.55,0, 0, 1715.32, 0, 0, 0, 0, 0, 372.69, 0, 0, 19.7176, 0.768782, 4.97878, 0.0079, 0.8, 600, 0, 0, 600, 190, 0, 0
7.6,0, 0, 1734.01, 0, 0, 0, 0, 0, 373.665, 0, 0, 19.4991, 0.752681, 4.96268, 0.0079, 0.8, 600, 0, 0, 600, 190, 0, 0
7.65,0, 0, 1752.74, 0, 0, 0, 0, 0, 374.629, 0, 0, 19.2854, 0.73658, 4.94658, 0.0079, 0.8, 600, 0, 0, 600, 190, 0, 0
7.7,0, 0, 1771.52, 0, 0, 0, 0, 0, 375.583, 0, 0, 19.0762, 0.72048, 4.93048, 0.0079, 0.8, 600, 0, 0, 600, 190, 0, 0
7.75,0, 0, 1790.34, 0, 0, 0, 0, 0, 376.527, 0, 0, 18.8717, 0.704379, 4.91438, 0.0079, 0.8, 600, 0, 0, 600, 190, 0, 0
7.8,0, 0, 1809.22, 0, 0, 0, 0, 0, 377.46, 0, 0, 18.6717, 0.688278, 4.89828, 0.0079, 0.8, 600, 0, 0, 600, 190, 0, 0
7.85,0, 0, 1828.13, 0, 0, 0, 0, 0, 378.384, 0, 0, 18.4761, 0.672177, 4.88218, 0.0079, 0.8, 600, 0, 0, 600, 190, 0, 0
7.9,0, 0, 1847.1, 0, 0, 0, 0, 0, 379.299, 0, 0, 18.285, 0.656076, 4.86608, 0.0079, 0.8, 600, 0, 0, 600, 190, 0, 0
7.95,0, 0, 1866.11, 0, 0, 0, 0, 0, 380.203, 0, 0, 18.0983, 0.639976, 4.84998, 0.0079, 0.8, 600, 0, 0, 600, 190, 0, 0
8,0, 0, 1885.16, 0, 0, 0, 0, 0, 381.099, 0, 0, 17.9158, 0.623875, 4.83387, 0.0079, 0.8, 600, 0, 0, 600, 190, 0, 0
8.05,0, 0, 1904.26, 0, 0, 0, 0, 0, 381.986, 0, 0, 17.7376, 0.607774, 4.81777, 0.0079, 0.8, 600, 0, 0, 600, 190, 0, 0
8.1,0, 0, 1923.41, 0, 0, 0, 0, 0, 382.864, 0, 0, 17.5636, 0.591673, 4.80167, 0.0079, 0.8, 600, 0, 0, 600, 190, 0, 0
8.15,0, 0, 1942.59, 0, 0, 0, 0, 0, 383.734, 0, 0, 17.3938, 0.575572, 4.78557, 0.0079, 0.8, 600, 0, 0, 600, 190, 0, 0
8.2,0, 0, 1961.82, 0, 0, 0, 0, 0, 384.595, 0, 0, 17.228, 0.559472, 4.76947, 0.0079, 0.8, 600, 0, 0, 600, 190, 0, 0
8.25,0, 0, 1981.1, 0, 0, 0, 0, 0, 385.449, 0, 0, 17.0662, 0.543371, 4.75337, 0.0079, 0.8, 600, 0, 0, 600, 190, 0, 0
8.3,0, 0, 2000.41, 0, 0, 0, 0, 0, 386.294, 0, 0, 16.9084, 0.52727, 4.73727, 0.0079, 0.8, 600, 0, 0, 600, 190, 0, 0
8.35,0, 0, 2019.77, 0, 0, 0, 0, 0, 387.132, 0, 0, 16.7545, 0.511169, 4.72117, 0.0079, 0.8, 600, 0, 0, 600, 190, 0, 0
8.4,0, 0, 2039.17, 0, 0, 0, 0, 0, 387.962, 0, 0, 16.6045, 0.495069, 4.70507, 0.0079, 0.8, 600, 0, 0, 600, 190, 0, 0
8.45,0, 0, 2058.6, 0, 0, 0, 0, 0, 388.785, 0, 0, 16.4582, 0.478968, 4.68897, 0.0079, 0.8, 600, 0, 0, 600, 190, 0, 0
8.5,0, 0, 2078.08, 0, 0, 0, 0, 0, 389.601, 0, 0, 16.3157, 0.462867, 4.67287, 0.0079, 0.8, 600, 0, 0, 600, 190, 0, 0
8.55,0, 0, 2097.6, 0, 0, 0, 0, 0, 390.41, 0, 0, 16.1769, 0.446766, 4.65677, 0.0079, 0.8, 600, 0, 0, 600, 190, 0, 0
8.6,0, 0, 2117.17, 0, 0, 0, 0, 0, 391.212, 0, 0, 16.0416, 0.430665, 4.64067, 0.0079, 0.8, 600, 0, 0, 600, 190, 0, 0
8.65,0, 0, 2136.77, 0, 0, 0, 0, 0, 392.007, 0, 0, 15.91, 0.414565, 4.62456, 0.0079, 0.8, 600, 0, 0, 600, 190, 0, 0
8.7,0, 0, 2156.41, 0, 0, 0, 0, 0, 392.796, 0, 0, 15.7819, 0.398464, 4.60846, 0.0079, 0.8, 600, 0, 0, 600, 190, 0, 0
8.75,0, 0, 2176.08, 0, 0, 0, 0, 0, 393.579, 0, 0, 15.6572, 0.382363, 4.59236, 0.0079, 0.8, 600, 0, 0, 600, 190, 0, 0
8.8,0, 0, 2195.8, 0, 0, 0, 0, 0, 394.356, 0, 0, 15.5359, 0.366262, 4.57626, 0.0079, 0.8, 600, 0, 0, 600, 190, 0, 0
8.85,0, 0, 2215.56, 0, 0, 0, 0, 0, 395.127, 0, 0, 15.418, 0.350162, 4.56016, 0.0079, 0.8, 600, 0, 0, 600, 190, 0, 0
8.9,0, 0, 2235.35, 0, 0, 0, 0, 0, 395.892, 0, 0, 15.3034, 0.334061, 4.54406, 0.0079, 0.8, 600, 0, 0, 600, 190, 0, 0
8.95,0, 0, 2255.19, 0, 0, 0, 0, 0, 396.652, 0, 0, 15.192, 0.31796, 4.52796, 0.0079, 0.8, 600, 0, 0, 600, 190, 0, 0
9,0, 0, 2275.06, 0, 0, 0, 0, 0, 397.406, 0, 0, 15.0838, 0.301859, 4.51186, 0.0079, 0.8, 600, 0, 0, 600, 190, 0, 0
9.05,0, 0, 2294.96, 0, 0, 0, 0, 0, 398.155, 0, 0, 14.9787, 0.285758, 4.49576, 0.0079, 0.8, 600, 0, 0, 600, 190, 0, 0
9.1,0, 0, 2314.91, 0, 0, 0, 0, 0, 398.899, 0, 0, 14.8767, 0.269658, 4.47966, 0.0079, 0.8, 600, 0, 0, 600, 190, 0, 0
9.15,0, 0, 2334.89, 0, 0, 0, 0, 0, 399.637, 0, 0, 14.7778, 0.253557, 4.46356, 0.0079, 0.8, 600, 0, 0, 600, 190, 0, 0
9.2,0, 0, 2354.91, 0, 0, 0, 0, 0, 400.372, 0, 0, 14.6818, 0.237456, 4.44746, 0.0079, 0.8, 600, 0, 0, 600, 190, 0, 0
9.25,0, 0, 2374.96, 0, 0, 0, 0, 0, 401.101, 0, 0, 14.5888, 0.221355, 4.43136, 0.0079, 0.8, 600, 0, 0, 600, 190, 0, 0
9.3,0, 0, 2395.06, 0, 0, 0, 0, 0, 401.826, 0, 0, 14.4986, 0.205254, 4.41525, 0.0079, 0.8, 600, 0, 0, 600, 190, 0, 0
9.35,0, 0, 2415.18, 0, 0, 0, 0, 0, 402.546, 0, 0, 14.4113, 0.189154, 4.39915, 0.0079, 0.8, 600, 0, 0, 600, 190, 0, 0
9.4,0, 0, 2435.35, 0, 0, 0, 0, 0, 403.263, 0, 0, 14.3268, 0.173053, 4.38305, 0.0079, 0.8, 600, 0, 0, 600, 190, 0, 0
9.45,0, 0, 2455.54, 0, 0, 0, 0, 0, 403.975, 0, 0, 14.2449, 0.156952, 4.36695, 0.0079, 0.8, 600, 0, 0, 600, 190, 0, 0
9.5,0, 0, 2475.78, 0, 0, 0, 0, 0, 404.683, 0, 0, 14.1658, 0.140851, 4.35085, 0.0079, 0.8, 600, 0, 0, 600, 190, 0, 0
9.55,0, 0, 2496.05, 0, 0, 0, 0, 0, 405.388, 0, 0, 14.0893, 0.124751, 4.33475, 0.0079, 0.8, 600, 0, 0, 600, 190, 0, 0
9.6,0, 0, 2516.35, 0, 0, 0, 0, 0, 406.089, 0, 0, 14.0155, 0.10865, 4.31865, 0.0079, 0.8, 600, 0, 0, 600, 190, 0, 0
9.65,0, 0, 2536.69, 0, 0, 0, 0, 0, 406.786, 0, 0, 13.9441, 0.092549, 4.30255, 0.0079, 0.8, 600, 0, 0, 600, 190, 0, 0
9.7,0, 0, 2557.07, 0, 0, 0, 0, 0, 407.48, 0, 0, 13.8753, 0.0764482, 4.28645, 0.0079, 0.8, 600, 0, 0, 600, 190, 0, 0
9.75,0, 0, 2577.47, 0, 0, 0, 0, 0, 408.17, 0, 0, 13.8089, 0.0603474, 4.27035, 0.0079, 0.8, 600, 0, 0, 600, 190, 0, 0
9.8,0, 0, 2597.92, 0, 0, 0, 0, 0, 408.857, 0, 0, 13.7449, 0.0442467, 4.25425, 0.0079, 0.8, 600, 0, 0, 600, 190, 0, 0
9.85,0, 0, 2618.39, 0, 0, 0, 0, 0, 409.541, 0, 0, 13.6833, 0.0281459, 4.23815, 0.0079, 0.8, 600, 0, 0, 600, 190, 0, 0
9.9,0, 0, 2638.91, 0, 0, 0, 0, 0, 410.223, 0, 0, 13.624, 0.0120451, 4.22205, 0.0079, 0.8, 600, 0, 0, 600, 190, 0, 0
9.95,0, 0, 2659.09, 0, 0, 0, 0, 0, 403.774, 0, 0, -128.973, 0, 4.21, 0.0079, 0.8, 600, 0, 0, 0, 190, 0, 0
10,0, 0, 2678.97, 0, 0, 0, 0, 0, 397.523, 0, 0, -125.019, 0, 4.21, 0.0079, 0.8, 600, 0, 0, 0, 190, 0, 0
10.05,0, 0, 2698.54, 0, 0, 0, 0, 0, 391.46, 0, 0, -121.252, 0, 4.21, 0.0079, 0.8, 600, 0, 0, 0, 190, 0, 0
10.1,0, 0, 2717.82, 0, 0, 0, 0, 0, 385.577, 0, 0, -117.663, 0, 4.21, 0.0079, 0.8, 600, 0, 0, 0, 190, 0, 0
10.15,0, 0, 2736.82, 0, 0, 0, 0, 0, 379.865, 0, 0, -114.24, 0, 4.21, 0.0079, 0.8, 600, 0, 0, 0, 190, 0, 0
10.2,0, 0, 2755.53, 0, 0, 0, 0, 0, 374.317, 0, 0, -110.972, 0, 4.21, 0.0079, 0.8, 600, 0, 0, 0, 190, 0, 0
10.25,0, 0, 2773.98, 0, 0, 0, 0, 0, 368.924, 0, 0, -107.85, 0, 4.21, 0.0079, 0.8, 600, 0, 0, 0, 190, 0, 0
10.3,0, 0, 2792.16, 0, 0, 0, 0, 0, 363.681, 0, 0, -104.866, 0, 4.21, 0.0079, 0.8, 600, 0, 0, 0, 190, 0, 0
10.35,0, 0, 2810.09, 0, 0, 0, 0, 0, 358.58, 0, 0, -102.011, 0, 4.21, 0.0079, 0.8, 600, 0, 0, 0, 190, 0, 0
10.4,0, 0, 2827.77, 0, 0, 0, 0, 0, 353.616, 0, 0, -99.2787, 0, 4.21, 0.0079, 0.8, 600, 0, 0, 0, 190, 0, 0
10.45,0, 0, 2845.21, 0, 0, 0, 0, 0, 348.783, 0, 0, -96.6612, 0, 4.21, 0.0079, 0.8, 600, 0, 0, 0, 190, 0, 0
10.5,0, 0, 2862.41, 0, 0, 0, 0, 0, 344.076, 0, 0, -94.1524, 0, 4.21, 0.0079, 0.8, 600, 0, 0, 0, 190, 0, 0
10.55,0, 0, 2879.39, 0, 0, 0, 0, 0, 339.488, 0, 0, -91.7462, 0, 4.21, 0.0079, 0.8, 600, 0, 0, 0, 190, 0, 0
10.6,0, 0, 2896.14, 0, 0, 0, 0, 0, 335.017, 0, 0, -89.4371, 0, 4.21, 0.0079, 0.8, 600, 0, 0, 0, 190, 0, 0
10.65,0, 0, 2912.67, 0, 0, 0, 0, 0, 330.656, 0, 0, -87.2199, 0, 4.21, 0.0079, 0.8, 600, 0, 0, 0, 190, 0, 0
10.7,0, 0, 2928.99, 0, 0, 0, 0, 0, 326.401, 0, 0, -85.0897, 0, 4.21, 0.0079, 0.8, 600, 0, 0, 0, 190, 0, 0
10.75,0, 0, 2945.11, 0, 0, 0, 0, 0, 322.249, 0, 0, -83.042, 0, 4.21, 0.0079, 0.8, 600, 0, 0, 0, 190, 0, 0
10.8,0, 0, 2961.01, 0, 0, 0, 0, 0, 318.195, 0, 0, -81.0725, 0, 4.21, 0.0079, 0.8, 600, 0, 0, 0, 190, 0, 0
10.85,0, 0, 2976.73, 0, 0, 0, 0, 0, 314.236, 0, 0, -79.1774, 0, 4.21, 0.0079, 0.8, 600, 0, 0, 0, 190, 0, 0
10.9,0, 0, 2992.25, 0, 0, 0, 0, 0, 310.369, 0, 0, -77.3527, 0, 4.21, 0.0079, 0.8, 600, 0, 0, 0, 190, 0, 0
10.95,0, 0, 3007.57, 0, 0, 0, 0, 0, 306.589, 0, 0, -75.5952, 0, 4.21, 0.0079, 0.8, 600, 0, 0, 0, 190, 0, 0
11,0, 0, 3022.72, 0, 0, 0, 0, 0, 302.894, 0, 0, -73.9014, 0, 4.21, 0.0079, 0.8, 600, 0, 0, 0, 190, 0, 0
11.05,0, 0, 3037.68, 0, 0, 0, 0, 0, 299.281, 0, 0, -72.2683, 0, 4.21, 0.0079, 0.8, 600, 0, 0, 0, 190, 0, 0
11.1,0, 0, 3052.47, 0, 0, 0, 0, 0, 295.746, 0, 0, -70.693, 0, 4.21, 0.0079, 0.8, 600, 0, 0, 0, 190, 0, 0
11.15,0, 0, 3067.08, 0, 0, 0, 0, 0, 292.287, 0, 0, -69.1728, 0, 4.21, 0.0079, 0.8, 600, 0, 0, 0, 190, 0, 0
11.2,0, 0, 3081.53, 0, 0, 0, 0, 0, 288.902, 0, 0, -67.7052, 0, 4.21, 0.0079, 0.8, 600, 0, 0, 0, 190, 0, 0
11.25,0, 0, 3095.81, 0, 0, 0, 0, 0, 285.588, 0, 0, -66.2876, 0, 4.21, 0.0079, 0.8, 600, 0, 0, 0, 190, 0, 0
11.3,0, 0, 3109.93, 0, 0, 0, 0, 0, 282.342, 0, 0, -64.9179, 0, 4.21, 0.0079, 0.8, 600, 0, 0, 0, 190, 0, 0
11.35,0, 0, 3123.88, 0, 0, 0, 0, 0, 279.162, 0, 0, -63.5939, 0, 4.21, 0.0079, 0.8, 600, 0, 0, 0, 190, 0, 0
11.4,0, 0, 3137.69, 0, 0, 0, 0, 0, 276.046, 0, 0, -62.3136, 0, 4.21, 0.0079, 0.8, 600, 0, 0, 0, 190, 0, 0
11.45,0, 0, 3151.34, 0, 0, 0, 0, 0, 272.993, 0, 0, -61.075, 0, 4.21, 0.0079, 0.8, 600, 0, 0, 0, 190, 0, 0
11.5,0, 0, 3164.84, 0, 0, 0, 0, 0, 269.999, 0, 0, -59.8764, 0, 4.21, 0.0079, 0.8, 600, 0, 0, 0, 190, 0, 0
11.55,0, 0, 3178.19, 0, 0, 0, 0, 0, 267.063, 0, 0, -58.716, 0, 4.21, 0.0079, 0.8, 600, 0, 0, 0, 190, 0, 0
11.6,0, 0, 3191.4, 0, 0, 0, 0, 0, 264.183, 0, 0, -57.5922, 0, 4.21, 0.0079, 0.8, 600, 0, 0, 0, 190, 0, 0
11.65,0, 0, 3204.47, 0, 0, 0, 0, 0, 261.358, 0, 0, -56.5035, 0, 4.21, 0.0079, 0.8, 600, 0, 0, 0, 190, 0, 0
11.7,0, 0, 3217.4, 0, 0, 0, 0, 0, 258.586, 0, 0, -55.4484, 0, 4.21, 0.0079, 0.8, 600, 0, 0, 0, 190, 0, 0
11.75,0, 0, 3230.19, 0, 0, 0, 0, 0, 255.864, 0, 0, -54.4256, 0, 4.21, 0.0079, 0.8, 600, 0, 0, 0, 190, 0, 0
11.8,0, 0, 3242.85, 0, 0, 0, 0, 0, 253.193, 0, 0, -53.4337, 0, 4.21, 0.0079, 0.8, 600, 0, 0, 0, 190, 0, 0
11.85,0, 0, 3255.38, 0, 0, 0, 0, 0, 250.569, 0, 0, -52.4714, 0, 4.21, 0.0079, 0.8, 600, 0, 0, 0, 190, 0, 0
11.9,0, 0, 3267.78, 0, 0, 0, 0, 0, 247.992, 0, 0, -51.5377, 0, 4.21, 0.0079, 0.8, 600, 0, 0, 0, 190, 0, 0
11.95,0, 0, 3280.05, 0, 0, 0, 0, 0, 245.461, 0, 0, -50.6314, 0, 4.21, 0.0079, 0.8, 600, 0, 0, 0, 190, 0, 0
12,0, 0, 3292.2, 0, 0, 0, 0, 0, 242.973, 0, 0, -49.7513, 0, 4.21, 0.0079, 0.8, 600, 0, 0, 0, 190, 0, 0
12.05,0, 0, 3304.23, 0, 0, 0, 0, 0, 240.528, 0, 0, -48.8966, 0, 4.21, 0.0079, 0.8, 600, 0, 0, 0, 190, 0, 0
12.1,0, 0, 3316.13, 0, 0, 0, 0, 0, 238.125, 0, 0, -48.0662, 0, 4.21, 0.0079, 0.8, 600, 0, 0, 0, 190, 0, 0
12.15,0, 0, 3327.92, 0, 0, 0, 0, 0, 235.762, 0, 0, -47.2593, 0, 4.21, 0.0079, 0.8, 600, 0, 0, 0, 190, 0, 0
12.2,0, 0, 3339.59, 0, 0, 0, 0, 0, 233.438, 0, 0, -46.4748, 0, 4.21, 0.0079, 0.8, 600, 0, 0, 0, 190, 0, 0
12.25,0, 0, 3351.15, 0, 0, 0, 0, 0, 231.153, 0, 0, -45.7121, 0, 4.21, 0.0079, 0.8, 600, 0, 0, 0, 190, 0, 0
12.3,0, 0, 3362.59, 0, 0, 0, 0, 0, 228.904, 0, 0, -44.9703, 0, 4.21, 0.0079, 0.8, 600, 0, 0, 0, 190, 0, 0
12.35,0, 0, 3373.93, 0, 0, 0, 0, 0, 226.692, 0, 0, -44.2486, 0, 4.21, 0.0079, 0.8, 600, 0, 0, 0, 190, 0, 0
12.4,0, 0, 3385.15, 0, 0, 0, 0, 0, 224.515, 0, 0, -43.5464, 0, 4.21, 0.0079, 0.8, 600, 0, 0, 0, 190, 0, 0
12.45,0, 0, 3396.27, 0, 0, 0, 0, 0, 222.371, 0, 0, -42.8628, 0, 4.21, 0.0079, 0.8, 600, 0, 0, 0, 190, 0, 0
12.5,0, 0, 3407.29, 0, 0, 0, 0, 0, 220.261, 0, 0, -42.1974, 0, 4.21, 0.0079, 0.8, 600, 0, 0, 0, 190, 0, 0
12.55,0, 0, 3418.2, 0, 0, 0, 0, 0, 218.184, 0, 0, -41.5493, 0, 4.21, 0.0079, 0.8, 600, 0, 0, 0, 190, 0, 0
12.6,0, 0, 3429, 0, 0, 0, 0, 0, 216.138, 0, 0, -40.9181, 0, 4.21, 0.0079, 0.8, 600, 0, 0, 0, 190, 0, 0
12.65,0, 0, 3439.71, 0, 0, 0, 0, 0, 214.123, 0, 0, -40.3032, 0, 4.21, 0.0079, 0.8, 600, 0, 0, 0, 190, 0, 0
12.7,0, 0, 3450.32, 0, 0, 0, 0, 0, 212.138, 0, 0, -39.7039, 0, 4.21, 0.0079, 0.8, 600, 0, 0, 0, 190, 0, 0
12.75,0, 0, 3460.82, 0, 0, 0, 0, 0, 210.182, 0, 0, -39.1198, 0, 4.21, 0.0079, 0.8, 600, 0, 0, 0, 190, 0, 0
12.8,0, 0, 3471.24, 0, 0, 0, 0, 0, 208.254, 0, 0, -38.5503, 0, 4.21, 0.0079, 0.8, 600, 0, 0, 0, 190, 0, 0
12.85,0, 0, 3481.55, 0, 0, 0, 0, 0, 206.355, 0, 0, -37.995, 0, 4.21, 0.0079, 0.8, 600, 0, 0, 0, 190, 0, 0
12.9,0, 0, 3491.78, 0, 0, 0, 0, 0, 204.482, 0, 0, -37.4534, 0, 4.21, 0.0079, 0.8, 600, 0, 0, 0, 190, 0, 0
12.95,0, 0, 3501.91, 0, 0, 0, 0, 0, 202.636, 0, 0, -36.925, 0, 4.21, 0.0079, 0.8, 600, 0, 0, 0, 190, 0, 0
13,0, 0, 3511.95, 0, 0, 0, 0, 0, 200.815, 0, 0, -36.4095, 0, 4.21, 0.0079, 0.8, 600, 0, 0, 0, 190, 0, 0
13.05,0, 0, 3521.9, 0, 0, 0, 0, 0, 199.02, 0, 0, -35.9064, 0, 4.21, 0.0079, 0.8, 600, 0, 0, 0, 190, 0, 0
13.1,0, 0, 3531.76, 0, 0, 0, 0, 0, 197.249, 0, 0, -35.4153, 0, 4.21, 0.0079, 0.8, 600, 0, 0, 0, 190, 0, 0
13.15,0, 0, 3541.54, 0, 0, 0, 0, 0, 195.502, 0, 0, -34.9358, 0, 4.21, 0.0079, 0.8, 600, 0, 0, 0, 190, 0, 0
13.2,0, 0, 3551.23, 0, 0, 0, 0, 0, 193.779, 0, 0, -34.4676, 0, 4.21, 0.0079, 0.8, 600, 0, 0, 0, 190, 0, 0
13.25,0, 0, 3560.83, 0, 0, 0, 0, 0, 192.078, 0, 0, -34.0103, 0, 4.21, 0.0079, 0.8, 600, 0, 0, 0, 190, 0, 0
13.3,0, 0, 3570.35, 0, 0, 0, 0, 0, 190.4, 0, 0, -33.5636, 0, 4.21, 0.0079, 0.8, 600, 0, 0, 0, 190, 0, 0
13.35,0, 0, 3579.79, 0, 0, 0, 0, 0, 188.744, 0, 0, -33.1272, 0, 4.21, 0.0079, 0.8, 600, 0, 0, 0, 190, 0, 0
13.4,0, 0, 3589.15, 0, 0, 0, 0, 0, 187.109, 0, 0, -32.7007, 0, 4.21, 0.0079, 0.8, 600, 0, 0, 0, 190, 0, 0
13.45,0, 0, 3598.42, 0, 0, 0, 0, 0, 185.495, 0, 0, -32.2838, 0, 4.21, 0.0079, 0.8, 600, 0, 0, 0, 190, 0, 0
13.5,0, 0, 3607.62, 0, 0, 0, 0, 0, 183.901, 0, 0, -31.8763, 0, 4.21, 0.0079, 0.8, 600, 0, 0, 0, 190, 0, 0
13.55,0, 0, 3616.73, 0, 0, 0, 0, 0, 182.327, 0, 0, -31.4779, 0, 4.21, 0.0079, 0.8, 600, 0, 0, 0, 190, 0, 0
13.6,0, 0, 3625.77, 0, 0, 0, 0, 0, 180.772, 0, 0, -31.0884, 0, 4.21, 0.0079, 0.8, 600, 0, 0, 0, 190, 0, 0
13.65,0, 0, 3634.73, 0, 0, 0, 0, 0, 179.237, 0, 0, -30.7073, 0, 4.21, 0.0079, 0.8, 600, 0, 0, 0, 190, 0, 0
13.7,0, 0, 3643.62, 0, 0, 0, 0, 0, 177.72, 0, 0, -30.3346, 0, 4.21, 0.0079, 0.8, 600, 0, 0, 0, 190, 0, 0
13.75,0, 0, 3652.43, 0, 0, 0, 0, 0, 176.222, 0, 0, -29.97, 0, 4.21, 0.0079, 0.8, 600, 0, 0, 0, 190, 0, 0
13.8,0, 0, 3661.17, 0, 0, 0, 0, 0, 174.741, 0, 0, -29.6132, 0, 4.21, 0.0079, 0.8, 600, 0, 0, 0, 190, 0, 0
13.85,0, 0, 3669.83, 0, 0, 0, 0, 0, 173.278, 0, 0, -29.264, 0, 4.21, 0.0079, 0.8, 600, 0, 0, 0, 190, 0, 0
13.9,0, 0, 3678.42, 0, 0, 0, 0, 0, 171.832, 0, 0, -28.9222, 0, 4.21, 0.0079, 0.8, 600, 0, 0, 0, 190, 0, 0
13.95,0, 0, 3686.94, 0, 0, 0, 0, 0, 170.403, 0, 0, -28.5877, 0, 4.21, 0.0079, 0.8, 600, 0, 0, 0, 190, 0, 0
14,0, 0, 3695.39, 0, 0, 0, 0, 0, 168.99, 0, 0, -28.2601, 0, 4.21, 0.0079, 0.8, 600, 0, 0, 0, 190, 0, 0
14.05,0, 0, 3703.77, 0, 0, 0, 0, 0, 167.593, 0, 0, -27.9393, 0, 4.21, 0.0079, 0.8, 600, 0, 0, 0, 190, 0, 0
14.1,0, 0, 3712.08, 0, 0, 0, 0, 0, 166.211, 0, 0, -27.6252, 0, 4.21, 0.0079, 0.8, 600, 0, 0, 0, 190, 0, 0
14.15,0, 0, 3720.32, 0, 0, 0, 0, 0, 164.845, 0, 0, -27.3175, 0, 4.21, 0.0079, 0.8, 600, 0, 0, 0, 190, 0, 0
14.2,0, 0, 3728.5, 0, 0, 0, 0, 0, 163.495, 0, 0, -27.0161, 0, 4.21, 0.0079, 0.8, 600, 0, 0, 0, 190, 0, 0
14.25,0, 0, 3736.61, 0, 0, 0, 0, 0, 162.159, 0, 0, -26.7207, 0, 4.21, 0.0079, 0.8, 600, 0, 0, 0, 190, 0, 0
14.3,0, 0, 3744.65, 0, 0, 0, 0, 0, 160.837, 0, 0, -26.4314, 0, 4.21, 0.0079, 0.8, 600, 0, 0, 0, 190, 0, 0
14.35,0, 0, 3752.62, 0, 0, 0, 0, 0, 159.53, 0, 0, -26.1478, 0, 4.21, 0.0079, 0.8, 600, 0, 0, 0, 190, 0, 0
14.4,0, 0, 3760.54, 0, 0, 0, 0, 0, 158.236, 0, 0, -25.8698, 0, 4.21, 0.0079, 0.8, 600, 0, 0, 0, 190, 0, 0
14.45,0, 0, 3768.38, 0, 0, 0, 0, 0, 156.956, 0, 0, -25.5973, 0, 4.21, 0.0079, 0.8, 600, 0, 0, 0, 190, 0, 0
14.5,0, 0, 3776.17, 0, 0, 0, 0, 0, 155.69, 0, 0, -25.3302, 0, 4.21, 0.0079, 0.8, 600, 0, 0, 0, 190, 0, 0
14.55,0, 0, 3783.89, 0, 0, 0, 0, 0, 154.436, 0, 0, -25.0682, 0, 4.21, 0.0079, 0.8, 600, 0, 0, 0, 190, 0, 0
14.6,0, 0, 3791.55, 0, 0, 0, 0, 0, 153.196, 0, 0, -24.8114, 0, 4.21, 0.0079, 0.8, 600, 0, 0, 0, 190, 0, 0
14.65,0, 0, 3799.15, 0, 0, 0, 0, 0, 151.968, 0, 0, -24.5595, 0, 4.21, 0.0079, 0.8, 600, 0, 0, 0, 190, 0, 0
14.7,0, 0, 3806.69, 0, 0, 0, 0, 0, 150.752, 0, 0, -24.3124, 0, 4.21, 0.0079, 0.8, 600, 0, 0, 0, 190, 0, 0
14.75,0, 0, 3814.16, 0, 0, 0, 0, 0, 149.549, 0, 0, -24.07, 0, 4.21, 0.0079, 0.8, 600, 0, 0, 0, 190, 0, 0
14.8,0, 0, 3821.58, 0, 0, 0, 0, 0, 148.357, 0, 0, -23.8322, 0, 4.21, 0.0079, 0.8, 600, 0, 0, 0, 190, 0, 0
14.85,0, 0, 3828.94, 0, 0, 0, 0, 0, 147.177, 0, 0, -23.5989, 0, 4.21, 0.0079, 0.8, 600, 0, 0, 0, 190, 0, 0
14.9,0, 0, 3836.24, 0, 0, 0, 0, 0, 146.009, 0, 0, -23.37, 0, 4.21, 0.0079, 0.8, 600, 0, 0, 0, 190, 0, 0
14.95,0, 0, 3843.48, 0, 0, 0, 0, 0, 144.851, 0, 0, -23.1453, 0, 4.21, 0.0079, 0.8, 600, 0, 0, 0, 190, 0, 0
15,0, 0, 3850.67, 0, 0, 0, 0, 0, 143.705, 0, 0, -22.9247, 0, 4.21, 0.0079, 0.8, 600, 0, 0, 0, 190, 0, 0
15.05,0, 0, 3857.8, 0, 0, 0, 0, 0, 142.57, 0, 0, -22.7082, 0, 4.21, 0.0079, 0.8, 600, 0, 0, 0, 190, 0, 0
15.1,0, 0, 3864.87, 0, 0, 0, 0, 0, 141.445, 0, 0, -22.4957, 0, 4.21, 0.0079, 0.8, 600, 0, 0, 0, 190, 0, 0
15.15,0, 0, 3871.89, 0, 0, 0, 0, 0, 140.331, 0, 0, -22.2871, 0, 4.21, 0.0079, 0.8, 600, 0, 0, 0, 190, 0, 0
15.2,0, 0, 3878.85, 0, 0, 0, 0, 0, 139.226, 0, 0, -22.0822, 0, 4.21, 0.0079, 0.8, 600, 0, 0, 0, 190, 0, 0
15.25,0, 0, 3885.75, 0, 0, 0, 0, 0, 138.132, 0, 0, -21.881, 0, 4.21, 0.0079, 0.8, 600, 0, 0, 0, 190, 0, 0
15.3,0, 0, 3892.61, 0, 0, 0, 0, 0, 137.048, 0, 0, -21.6834, 0, 4.21, 0.0079, 0.8, 600, 0, 0, 0, 190, 0, 0
15.35,0, 0, 3899.41, 0, 0, 0, 0, 0, 135.974, 0, 0, -21.4893, 0, 4.21, 0.0079, 0.8, 600, 0, 0, 0, 190, 0, 0
15.4,0, 0, 3906.15, 0, 0, 0, 0, 0, 134.909, 0, 0, -21.2987, 0, 4.21, 0.0079, 0.8, 600, 0, 0, 0, 190, 0, 0
15.45,0, 0, 3912.84, 0, 0, 0, 0, 0, 133.853, 0, 0, -21.1114, 0, 4.21, 0.0079, 0.8, 600, 0, 0, 0, 190, 0, 0
15.5,0, 0, 3919.48, 0, 0, 0, 0, 0, 132.807, 0, 0, -20.9274, 0, 4.21, 0.0079, 0.8, 600, 0, 0, 0, 190, 0, 0
15.55,0, 0, 3926.07, 0, 0, 0, 0, 0, 131.77, 0, 0, -20.7466, 0, 4.21, 0.0079, 0.8, 600, 0, 0, 0, 190, 0, 0
15.6,0, 0, 3932.61, 0, 0, 0, 0, 0, 130.741, 0, 0, -20.569, 0, 4.21, 0.0079, 0.8, 600, 0, 0, 0, 190, 0, 0
15.65,0, 0, 3939.1, 0, 0, 0, 0, 0, 129.721, 0, 0, -20.3944, 0, 4.21, 0.0079, 0.8, 600, 0, 0, 0, 190, 0, 0
15.7,0, 0, 3945.53, 0, 0, 0, 0, 0, 128.71, 0, 0, -20.2228, 0, 4.21, 0.0079, 0.8, 600, 0, 0, 0, 190, 0, 0
15.75,0, 0, 3951.92, 0, 0, 0, 0, 0, 127.708, 0, 0, -20.0541, 0, 4.21, 0.0079, 0.8, 600, 0, 0, 0, 190, 0, 0
15.8,0, 0, 3958.25, 0, 0, 0, 0, 0, 126.713, 0, 0, -19.8884, 0, 4.21, 0.0079, 0.8, 600, 0, 0, 0, 190, 0, 0
15.85,0, 0, 3964.54, 0, 0, 0, 0, 0, 125.727, 0, 0, -19.7254, 0, 4.21, 0.0079, 0.8, 600, 0, 0, 0, 190, 0, 0
15.9,0, 0, 3970.78, 0, 0, 0, 0, 0, 124.749, 0, 0, -19.5652, 0, 4.21, 0.0079, 0.8, 600, 0, 0, 0, 190, 0, 0
15.95,0, 0, 3976.96, 0, 0, 0, 0, 0, 123.778, 0, 0, -19.4077, 0, 4.21, 0.0079, 0.8, 600, 0, 0, 0, 190, 0, 0
16,0, 0, 3983.11, 0, 0, 0, 0, 0, 122.816, 0, 0, -19.2528, 0, 4.21, 0.0079, 0.8, 600, 0, 0, 0, 190, 0, 0
16.05,0, 0, 3989.2, 0, 0, 0, 0, 0, 121.861, 0, 0, -19.1004, 0, 4.21, 0.0079, 0.8, 600, 0, 0, 0, 190, 0, 0
16.1,0, 0, 3995.24, 0, 0, 0, 0, 0, 120.913, 0, 0, -18.9506, 0, 4.21, 0.0079, 0.8, 600, 0, 0, 0, 190, 0, 0
16.15,0, 0, 4001.24, 0, 0, 0, 0, 0, 119.973, 0, 0, -18.8033, 0, 4.21, 0.0079, 0.8, 600, 0, 0, 0, 190, 0, 0
16.2,0, 0, 4007.19, 0, 0, 0, 0, 0, 119.04, 0, 0, -18.6584, 0, 4.21, 0.0079, 0.8, 600, 0, 0, 0, 190, 0, 0
16.25,0, 0, 4013.1, 0, 0, 0, 0, 0, 118.114, 0, 0, -18.5158, 0, 4.21, 0.0079, 0.8, 600, 0, 0, 0, 190, 0, 0
16.3,0, 0, 4018.96, 0, 0, 0, 0, 0, 117.195, 0, 0, -18.3756, 0, 4.21, 0.0079, 0.8, 600, 0, 0, 0, 190, 0, 0
16.35,0, 0, 4024.77, 0, 0, 0, 0, 0, 116.284, 0, 0, -18.2377, 0, 4.21, 0.0079, 0.8, 600, 0, 0, 0, 190, 0, 0
16.4,0, 0, 4030.54, 0, 0, 0, 0, 0, 115.378, 0, 0, -18.1019, 0, 4.21, 0.0079, 0.8, 600, 0, 0, 0, 190, 0, 0
16.45,0, 0, 4036.27, 0, 0, 0, 0, 0, 114.48, 0, 0, -17.9684, 0, 4.21, 0.0079, 0.8, 600, 0, 0, 0, 190, 0, 0
16.5,0, 0, 4041.95, 0, 0, 0, 0, 0, 113.588, 0, 0, -17.837, 0, 4.21, 0.0079, 0.8, 600, 0, 0, 0, 190, 0, 0
16.55,0, 0, 4047.58, 0, 0, 0, 0, 0, 112.703, 0, 0, -17.7076, 0, 4.21, 0.0079, 0.8, 600, 0, 0, 0, 190, 0, 0
16.6,0, 0, 4053.17, 0, 0, 0, 0, 0, 111.824, 0, 0, -17.5804, 0, 4.21, 0.0079, 0.8, 600, 0, 0, 0, 190, 0, 0
16.65,0, 0, 4058.72, 0, 0, 0, 0, 0, 110.951, 0, 0, -17.4551, 0, 4.21, 0.0079, 0.8, 600, 0, 0, 0, 190, 0, 0
16.7,0, 0, 4064.22, 0, 0, 0, 0, 0, 110.084, 0, 0, -17.3318, 0, 4.21, 0.0079, 0.8, 600, 0, 0, 0, 190, 0, 0
16.75,0, 0, 4069.69, 0, 0, 0, 0, 0, 109.224, 0, 0, -17.2105, 0, 4.21, 0.0079, 0.8, 600, 0, 0, 0, 190, 0, 0
16.8,0, 0, 4075.1, 0, 0, 0, 0, 0, 108.369, 0, 0, -17.091, 0, 4.21, 0.0079, 0.8, 600, 0, 0, 0, 190, 0, 0
16.85,0, 0, 4080.48, 0, 0, 0, 0, 0, 107.521, 0, 0, -16.9734, 0, 4.21, 0.0079, 0.8, 600, 0, 0, 0, 190, 0, 0
16.9,0, 0, 4085.81, 0, 0, 0, 0, 0, 106.678, 0, 0, -16.8577, 0, 4.21, 0.0079, 0.8, 600, 0, 0, 0, 190, 0, 0
16.95,0, 0, 4091.11, 0, 0, 0, 0, 0, 105.841, 0, 0, -16.7437, 0, 4.21, 0.0079, 0.8, 600, 0, 0, 0, 190, 0, 0
17,0, 0, 4096.36, 0, 0, 0, 0, 0, 105.009, 0, 0, -16.6315, 0, 4.21, 0.0079, 0.8, 600, 0, 0, 0, 190, 0, 0
17.05,0, 0, 4101.57, 0, 0, 0, 0, 0, 104.183, 0, 0, -16.521, 0, 4.21, 0.0079, 0.8, 600, 0, 0, 0, 190, 0, 0
17.1,0, 0, 4106.73, 0, 0, 0, 0, 0, 103.362, 0, 0, -16.4122, 0, 4.21, 0.0079, 0.8, 600, 0, 0, 0, 190, 0, 0
17.15,0, 0, 4111.86, 0, 0, 0, 0, 0, 102.547, 0, 0, -16.305, 0, 4.21, 0.0079, 0.8, 600, 0, 0, 0, 190, 0, 0
17.2,0, 0, 4116.95, 0, 0, 0, 0, 0, 101.737, 0, 0, -16.1995, 0, 4.21, 0.0079, 0.8, 600, 0, 0, 0, 190, 0, 0
17.25,0, 0, 4121.99, 0, 0, 0, 0, 0, 100.932, 0, 0, -16.0956, 0, 4.21, 0.0079, 0.8, 600, 0, 0, 0, 190, 0, 0
17.3,0, 0, 4127, 0, 0, 0, 0, 0, 100.133, 0, 0, -15.9932, 0, 4.21, 0.0079, 0.8, 600, 0, 0, 0, 190, 0, 0
17.35,0, 0, 4131.97, 0, 0, 0, 0, 0, 99.3381, 0, 0, -15.8924, 0, 4.21, 0.0079, 0.8, 600, 0, 0, 0, 190, 0, 0
17.4,0, 0, 4136.9, 0, 0, 0, 0, 0, 98.5484, 0, 0, -15.7931, 0, 4.21, 0.0079, 0.8, 600, 0, 0, 0, 190, 0, 0
17.45,0, 0, 4141.78, 0, 0, 0, 0, 0, 97.7636, 0, 0, -15.6953, 0, 4.21, 0.0079, 0.8, 600, 0, 0, 0, 190, 0, 0
17.5,0, 0, 4146.63, 0, 0, 0, 0, 0, 96.9837, 0, 0, -15.599, 0, 4.21, 0.0079, 0.8, 600, 0, 0, 0, 190, 0, 0
17.55,0, 0, 4151.44, 0, 0, 0, 0, 0, 96.2085, 0, 0, -15.504, 0, 4.21, 0.0079, 0.8, 600, 0, 0, 0, 190, 0, 0
17.6,0, 0, 4156.22, 0, 0, 0, 0, 0, 95.438, 0, 0, -15.4105, 0, 4.21, 0.0079, 0.8, 600, 0, 0, 0, 190, 0, 0
17.65,0, 0, 4160.95, 0, 0, 0, 0, 0, 94.672, 0, 0, -15.3184, 0, 4.21, 0.0079, 0.8, 600, 0, 0, 0, 190, 0, 0
17.7,0, 0, 4165.64, 0, 0, 0, 0, 0, 93.9107, 0, 0, -15.2276, 0, 4.21, 0.0079, 0.8, 600, 0, 0, 0, 190, 0, 0
17.75,0, 0, 4170.3, 0, 0, 0, 0, 0, 93.1537, 0, 0, -15.1382, 0, 4.21, 0.0079, 0.8, 600, 0, 0, 0, 190, 0, 0
17.8,0, 0, 4174.92, 0, 0, 0, 0, 0, 92.4012, 0, 0, -15.05, 0, 4.21, 0.0079, 0.8, 600, 0, 0, 0, 190, 0, 0
17.85,0, 0, 4179.51, 0, 0, 0, 0, 0, 91.6531, 0, 0, -14.9632, 0, 4.21, 0.0079, 0.8, 600, 0, 0, 0, 190, 0, 0
17.9,0, 0, 4184.05, 0, 0, 0, 0, 0, 90.9092, 0, 0, -14.8776, 0, 4.21, 0.0079, 0.8, 600, 0, 0, 0, 190, 0, 0
17.95,0, 0, 4188.56, 0, 0, 0, 0, 0, 90.1695, 0, 0, -14.7933, 0, 4.21, 0.0079, 0.8, 600, 0, 0, 0, 190, 0, 0
18,0, 0, 4193.03, 0, 0, 0, 0, 0, 89.434, 0, 0, -14.7102, 0, 4.21, 0.0079, 0.8, 600, 0, 0, 0, 190, 0, 0
18.05,0, 0, 4197.47, 0, 0, 0, 0, 0, 88.7026, 0, 0, -14.6283, 0, 4.21, 0.0079, 0.8, 600, 0, 0, 0, 190, 0, 0
18.1,0, 0, 4201.86, 0, 0, 0, 0, 0, 87.9752, 0, 0, -14.5476, 0, 4.21, 0.0079, 0.8, 600, 0, 0, 0, 190, 0, 0
18.15,0, 0, 4206.23, 0, 0, 0, 0, 0, 87.2518, 0, 0, -14.468, 0, 4.21, 0.0079, 0.8, 600, 0, 0, 0, 190, 0, 0
18.2,0, 0, 4210.55, 0, 0, 0, 0, 0, 86.5324, 0, 0, -14.3896, 0, 4.21, 0.0079, 0.8, 600, 0, 0, 0, 190, 0, 0
18.25,0, 0, 4214.84, 0, 0, 0, 0, 0, 85.8167, 0, 0, -14.3123, 0, 4.21, 0.0079, 0.8, 600, 0, 0, 0, 190, 0, 0
18.3,0, 0, 4219.1, 0, 0, 0, 0, 0, 85.1049, 0, 0, -14.2362, 0, 4.21, 0.0079, 0.8, 600, 0, 0, 0, 190, 0, 0
18.35,0, 0, 4223.32, 0, 0, 0, 0, 0, 84.3969, 0, 0, -14.1611, 0, 4.21, 0.0079, 0.8, 600, 0, 0, 0, 190, 0, 0
18.4,0, 0, 4227.5, 0, 0, 0, 0, 0, 83.6925, 0, 0, -14.0871, 0, 4.21, 0.0079, 0.8, 600, 0, 0, 0, 190, 0, 0
18.45,0, 0, 4231.65, 0, 0, 0, 0, 0, 82.9918, 0, 0, -14.0141, 0, 4.21, 0.0079, 0.8, 600, 0, 0, 0, 190, 0, 0
18.5,0, 0, 4235.77, 0, 0, 0, 0, 0, 82.2947, 0, 0, -13.9422, 0, 4.21, 0.0079, 0.8, 600, 0, 0, 0, 190, 0, 0
18.55,0, 0, 4239.85, 0, 0, 0, 0, 0, 81.6012, 0, 0, -13.8713, 0, 4.21, 0.0079, 0.8, 600, 0, 0, 0, 190, 0, 0
18.6,0, 0, 4243.89, 0, 0, 0, 0, 0, 80.9111, 0, 0, -13.8014, 0, 4.21, 0.0079, 0.8, 600, 0, 0, 0, 190, 0, 0
18.65,0, 0, 4247.91, 0, 0, 0, 0, 0, 80.2245, 0, 0, -13.7325, 0, 4.21, 0.0079, 0.8, 600, 0, 0, 0, 190, 0, 0
18.7,0, 0, 4251.88, 0, 0, 0, 0, 0, 79.5412, 0, 0, -13.6645, 0, 4.21, 0.0079, 0.8, 600, 0, 0, 0, 190, 0, 0
18.75,0, 0, 4255.83, 0, 0, 0, 0, 0, 78.8614, 0, 0, -13.5976, 0, 4.21, 0.0079, 0.8, 600, 0, 0, 0, 190, 0, 0
18.8,0, 0, 4259.73, 0, 0, 0, 0, 0, 78.1848, 0, 0, -13.5315, 0, 4.21, 0.0079, 0.8, 600, 0, 0, 0, 190, 0, 0
18.85,0, 0, 4263.61, 0, 0, 0, 0, 0, 77.5115, 0, 0, -13.4664, 0, 4.21, 0.0079, 0.8, 600, 0, 0, 0, 190, 0, 0
18.9,0, 0, 4267.45, 0, 0, 0, 0, 0, 76.8413, 0, 0, -13.4022, 0, 4.21, 0.0079, 0.8, 600, 0, 0, 0, 190, 0, 0
18.95,0, 0, 4271.26, 0, 0, 0, 0, 0, 76.1744, 0, 0, -13.339, 0, 4.21, 0.0079, 0.8, 600, 0, 0, 0, 190, 0, 0
19,0, 0, 4275.04, 0, 0, 0, 0, 0, 75.5106, 0, 0, -13.2766, 0, 4.21, 0.0079, 0.8, 600, 0, 0, 0, 190, 0, 0
19.05,0, 0, 4278.78, 0, 0, 0, 0, 0, 74.8498, 0, 0, -13.215, 0, 4.21, 0.0079, 0.8, 600, 0, 0, 0, 190, 0, 0
19.1,0, 0, 4282.49, 0, 0, 0, 0, 0, 74.1921, 0, 0, -13.1544, 0, 4.21, 0.0079, 0.8, 600, 0, 0, 0, 190, 0, 0
19.15,0, 0, 4286.17, 0, 0, 0, 0, 0, 73.5374, 0, 0, -13.0946, 0, 4.21, 0.0079, 0.8, 600, 0, 0, 0, 190, 0, 0
19.2,0, 0, 4289.81, 0, 0, 0, 0, 0, 72.8856, 0, 0, -13.0356, 0, 4.21, 0.0079, 0.8, 600, 0, 0, 0, 190, 0, 0
19.25,0, 0, 4293.42, 0, 0, 0, 0, 0, 72.2367, 0, 0, -12.9774, 0, 4.21, 0.0079, 0.8, 600, 0, 0, 0, 190, 0, 0
19.3,0, 0, 4297, 0, 0, 0, 0, 0, 71.5907, 0, 0, -12.9201, 0, 4.21, 0.0079, 0.8, 600, 0, 0, 0, 190, 0, 0
19.35,0, 0, 4300.55, 0, 0, 0, 0, 0, 70.9475, 0, 0, -12.8636, 0, 4.21, 0.0079, 0.8, 600, 0, 0, 0, 190, 0, 0
19.4,0, 0, 4304.06, 0, 0, 0, 0, 0, 70.3071, 0, 0, -12.8078, 0, 4.21, 0.0079, 0.8, 600, 0, 0, 0, 190, 0, 0
19.45,0, 0, 4307.55, 0, 0, 0, 0, 0, 69.6695, 0, 0, -12.7528, 0, 4.21, 0.0079, 0.8, 600, 0, 0, 0, 190, 0, 0
19.5,0, 0, 4311, 0, 0, 0, 0, 0, 69.0346, 0, 0, -12.6986, 0, 4.21, 0.0079, 0.8, 600, 0, 0, 0, 190, 0, 0
19.55,0, 0, 4314.42, 0, 0, 0, 0, 0, 68.4023, 0, 0, -12.6452, 0, 4.21, 0.0079, 0.8, 600, 0, 0, 0, 190, 0, 0
19.6,0, 0, 4317.81, 0, 0, 0, 0, 0, 67.7727, 0, 0, -12.5925, 0, 4.21, 0.0079, 0.8, 600, 0, 0, 0, 190, 0, 0
19.65,0, 0, 4321.17, 0, 0, 0, 0, 0, 67.1457, 0, 0, -12.5405, 0, 4.21, 0.0079, 0.8, 600, 0, 0, 0, 190, 0, 0
19.7,0, 0, 4324.49, 0, 0, 0, 0, 0, 66.5212, 0, 0, -12.4892, 0, 4.21, 0.0079, 0.8, 600, 0, 0, 0, 190, 0, 0
19.75,0, 0, 4327.79, 0, 0, 0, 0, 0, 65.8993, 0, 0, -12.4387, 0, 4.21, 0.0079, 0.8, 600, 0, 0, 0, 190, 0, 0
19.8,0, 0, 4331.05, 0, 0, 0, 0, 0, 65.2798, 0, 0, -12.3889, 0, 4.21, 0.0079, 0.8, 600, 0, 0, 0, 190, 0, 0
19.85,0, 0, 4334.28, 0, 0, 0, 0, 0, 64.6628, 0, 0, -12.3398, 0, 4.21, 0.0079, 0.8, 600, 0, 0, 0, 190, 0, 0
19.9,0, 0, 4337.49, 0, 0, 0, 0, 0, 64.0483, 0, 0, -12.2913, 0, 4.21, 0.0079, 0.8, 600, 0, 0, 0, 190, 0, 0
19.95,0, 0, 4340.66, 0, 0, 0, 0, 0, 63.4361, 0, 0, -12.2435, 0, 4.21, 0.0079, 0.8, 600, 0, 0, 0, 190, 0, 0
20,0, 0, 4343.8, 0, 0, 0, 0, 0, 62.8263, 0, 0, -12.1964, 0, 4.21, 0.0079, 0.8, 600, 0, 0, 0, 190, 0, 0
20.05,0, 0, 4346.91, 0, 0, 0, 0, 0, 62.2188, 0, 0, -12.15, 0, 4.21, 0.0079, 0.8, 600, 0, 0, 0, 190, 0, 0
20.1,0, 0, 4349.99, 0, 0, 0, 0, 0, 61.6136, 0, 0, -12.1042, 0, 4.21, 0.0079, 0.8, 600, 0, 0, 0, 190, 0, 0
20.15,0, 0, 4353.04, 0, 0, 0, 0, 0, 61.0106, 0, 0, -12.059, 0, 4.21, 0.0079, 0.8, 600, 0, 0, 0, 190, 0, 0
20.2,0, 0, 4356.06, 0, 0, 0, 0, 0, 60.4099, 0, 0, -12.0145, 0, 4.21, 0.0079, 0.8, 600, 0, 0, 0, 190, 0, 0
20.25,0, 0, 4359.05, 0, 0, 0, 0, 0, 59.8114, 0, 0, -11.9706, 0, 4.21, 0.0079, 0.8, 600, 0, 0, 0, 190, 0, 0
20.3,0, 0, 4362.01, 0, 0, 0, 0, 0, 59.215, 0, 0, -11.9274, 0, 4.21, 0.0079, 0.8, 600, 0, 0, 0, 190, 0, 0
20.35,0, 0, 4364.94, 0, 0, 0, 0, 0, 58.6208, 0, 0, -11.8847, 0, 4.21, 0.0079, 0.8, 600, 0, 0, 0, 190, 0, 0
20.4,0, 0, 4367.85, 0, 0, 0, 0, 0, 58.0286, 0, 0, -11.8426, 0, 4.21, 0.0079, 0.8, 600, 0, 0, 0, 190, 0, 0
20.45,0, 0, 4370.72, 0, 0, 0, 0, 0, 57.4386, 0, 0, -11.8011, 0, 4.21, 0.0079, 0.8, 600, 0, 0, 0, 190, 0, 0
20.5,0, 0, 4373.56, 0, 0, 0, 0, 0, 56.8505, 0, 0, -11.7603, 0, 4.21, 0.0079, 0.8, 600, 0, 0, 0, 190, 0, 0
20.55,0, 0, 4376.37, 0, 0, 0, 0, 0, 56.2646, 0, 0, -11.72, 0, 4.21, 0.0079, 0.8, 600, 0, 0, 0, 190, 0, 0
20.6,0, 0, 4379.16, 0, 0, 0, 0, 0, 55.6805, 0, 0, -11.6802, 0, 4.21, 0.0079, 0.8, 600, 0, 0, 0, 190, 0, 0
20.65,0, 0, 4381.91, 0, 0, 0, 0, 0, 55.0985, 0, 0, -11.6411, 0, 4.21, 0.0079, 0.8, 600, 0, 0, 0, 190, 0, 0
20.7,0, 0, 4384.64, 0, 0, 0, 0, 0, 54.5184, 0, 0, -11.6025, 0, 4.21, 0.0079, 0.8, 600, 0, 0, 0, 190, 0, 0
20.75,0, 0, 4387.34, 0, 0, 0, 0, 0, 53.9401, 0, 0, -11.5644, 0, 4.21, 0.0079, 0.8, 600, 0, 0, 0, 190, 0, 0
20.8,0, 0, 4390, 0, 0, 0, 0, 0, 53.3638, 0, 0, -11.5269, 0, 4.21, 0.0079, 0.8, 600, 0, 0, 0, 190, 0, 0
20.85,0, 0, 4392.64, 0, 0, 0, 0, 0, 52.7893, 0, 0, -11.4899, 0, 4.21, 0.0079, 0.8, 600, 0, 0, 0, 190, 0, 0
20.9,0, 0, 4395.25, 0, 0, 0, 0, 0, 52.2166, 0, 0, -11.4535, 0, 4.21, 0.0079, 0.8, 600, 0, 0, 0, 190, 0, 0
20.95,0, 0, 4397.84, 0, 0, 0, 0, 0, 51.6458, 0, 0, -11.4176, 0, 4.21, 0.0079, 0.8, 600, 0, 0, 0, 190, 0, 0
21,0, 0, 4400.39, 0, 0, 0, 0, 0, 51.0766, 0, 0, -11.3822, 0, 4.21, 0.0079, 0.8, 600, 0, 0, 0, 190, 0, 0
21.05,0, 0, 4402.92, 0, 0, 0, 0, 0, 50.5093, 0, 0, -11.3473, 0, 4.21, 0.0079, 0.8, 600, 0, 0, 0, 190, 0, 0
21.1,0, 0, 4405.41, 0, 0, 0, 0, 0, 49.9436, 0, 0, -11.3129, 0, 4.21, 0.0079, 0.8, 600, 0, 0, 0, 190, 0, 0
21.15,0, 0, 4407.88, 0, 0, 0, 0, 0, 49.3797, 0, 0, -11.2791, 0, 4.21, 0.0079, 0.8, 600, 0, 0, 0, 190, 0, 0
21.2,0, 0, 4410.32, 0, 0, 0, 0, 0, 48.8174, 0, 0, -11.2457, 0, 4.21, 0.0079, 0.8, 600, 0, 0, 0, 190, 0, 0
21.25,0, 0, 4412.73, 0, 0, 0, 0, 0, 48.2568, 0, 0, -11.2128, 0, 4.21, 0.0079, 0.8, 600, 0, 0, 0, 190, 0, 0
21.3,0, 0, 4415.12, 0, 0, 0, 0, 0, 47.6977, 0, 0, -11.1804, 0, 4.21, 0.0079, 0.8, 600, 0, 0, 0, 190, 0, 0
21.35,0, 0, 4417.48, 0, 0, 0, 0, 0, 47.1403, 0, 0, -11.1485, 0, 4.21, 0.0079, 0.8, 600, 0, 0, 0, 190, 0, 0
21.4,0, 0, 4419.81, 0, 0, 0, 0, 0, 46.5844, 0, 0, -11.1171, 0, 4.21, 0.0079, 0.8, 600, 0, 0, 0, 190, 0, 0
21.45,0, 0, 4422.11, 0, 0, 0, 0, 0, 46.0301, 0, 0, -11.0861, 0, 4.21, 0.0079, 0.8, 600, 0, 0, 0, 190, 0, 0
21.5,0, 0, 4424.38, 0, 0, 0, 0, 0, 45.4774, 0, 0, -11.0556, 0, 4.21, 0.0079, 0.8, 600, 0, 0, 0, 190, 0, 0
21.55,0, 0, 4426.63, 0, 0, 0, 0, 0, 44.9261, 0, 0, -11.0256, 0, 4.21, 0.0079, 0.8, 600, 0, 0, 0, 190, 0, 0
21.6,0, 0, 4428.85, 0, 0, 0, 0, 0, 44.3763, 0, 0, -10.996, 0, 4.21, 0.0079, 0.8, 600, 0, 0, 0, 190, 0, 0
21.65,0, 0, 4431.04, 0, 0, 0, 0, 0, 43.8279, 0, 0, -10.9669, 0, 4.21, 0.0079, 0.8, 600, 0, 0, 0, 190, 0, 0
21.7,0, 0, 4433.2, 0, 0, 0, 0, 0, 43.281, 0, 0, -10.9382, 0, 4.21, 0.0079, 0.8, 600, 0, 0, 0, 190, 0, 0
21.75,0, 0, 4435.34, 0, 0, 0, 0, 0, 42.7355, 0, 0, -10.91, 0, 4.21, 0.0079, 0.8, 600, 0, 0, 0, 190, 0, 0
21.8,0, 0, 4437.45, 0, 0, 0, 0, 0, 42.1914, 0, 0, -10.8822, 0, 4.21, 0.0079, 0.8, 600, 0, 0, 0, 190, 0, 0
21.85,0, 0, 4439.53, 0, 0, 0, 0, 0, 41.6487, 0, 0, -10.8548, 0, 4.21, 0.0079, 0.8, 600, 0, 0, 0, 190, 0, 0
21.9,0, 0, 4441.59, 0, 0, 0, 0, 0, 41.1073, 0, 0, -10.8279, 0, 4.21, 0.0079, 0.8, 600, 0, 0, 0, 190, 0, 0
21.95,0, 0, 4443.61, 0, 0, 0, 0, 0, 40.5672, 0, 0, -10.8014, 0, 4.21, 0.0079, 0.8, 600, 0, 0, 0, 190, 0, 0
22,0, 0, 4445.62, 0, 0, 0, 0, 0, 40.0284, 0, 0, -10.7753, 0, 4.21, 0.0079, 0.8, 600, 0, 0, 0, 190, 0, 0
22.05,0, 0, 4447.59, 0, 0, 0, 0, 0, 39.491, 0, 0, -10.7496, 0, 4.21, 0.0079, 0.8, 600, 0, 0, 0, 190, 0, 0
22.1,0, 0, 4449.54, 0, 0, 0, 0, 0, 38.9547, 0, 0, -10.7244, 0, 4.21, 0.0079, 0.8, 600, 0, 0, 0, 190, 0, 0
22.15,0, 0, 4451.46, 0, 0, 0, 0, 0, 38.4198, 0, 0, -10.6995, 0, 4.21, 0.0079, 0.8, 600, 0, 0, 0, 190, 0, 0
22.2,0, 0, 4453.35, 0, 0, 0, 0, 0, 37.886, 0, 0, -10.6751, 0, 4.21, 0.0079, 0.8, 600, 0, 0, 0, 190, 0, 0
22.25,0, 0, 4455.22, 0, 0, 0, 0, 0, 37.3535, 0, 0, -10.651, 0, 4.21, 0.0079, 0.8, 600, 0, 0, 0, 190, 0, 0
22.3,0, 0, 4457.06, 0, 0, 0, 0, 0, 36.8221, 0, 0, -10.6274, 0, 4.21, 0.0079, 0.8, 600, 0, 0, 0, 190, 0, 0
22.35,0, 0, 4458.88, 0, 0, 0, 0, 0, 36.2919, 0, 0, -10.6042, 0, 4.21, 0.0079, 0.8, 600, 0, 0, 0, 190, 0, 0
22.4,0, 0, 4460.67, 0, 0, 0, 0, 0, 35.7628, 0, 0, -10.5813, 0, 4.21, 0.0079, 0.8, 600, 0, 0, 0, 190, 0, 0
22.45,0, 0, 4462.43, 0, 0, 0, 0, 0, 35.2349, 0, 0, -10.5588, 0, 4.21, 0.0079, 0.8, 600, 0, 0, 0, 190, 0, 0
22.5,0, 0, 4464.16, 0, 0, 0, 0, 0, 34.708, 0, 0, -10.5368, 0, 4.21, 0.0079, 0.8, 600, 0, 0, 0, 190, 0, 0
22.55,0, 0, 4465.87, 0, 0, 0, 0, 0, 34.1823, 0, 0, -10.515, 0, 4.21, 0.0079, 0.8, 600, 0, 0, 0, 190, 0, 0
22.6,0, 0, 4467.55, 0, 0, 0, 0, 0, 33.6576, 0, 0, -10.4937, 0, 4.21, 0.0079, 0.8, 600, 0, 0, 0, 190, 0, 0
22.65,0, 0, 4469.21, 0, 0, 0, 0, 0, 33.134, 0, 0, -10.4728, 0, 4.21, 0.0079, 0.8, 600, 0, 0, 0, 190, 0, 0
22.7,0, 0, 4470.84, 0, 0, 0, 0, 0, 32.6114, 0, 0, -10.4522, 0, 4.21, 0.0079, 0.8, 600, 0, 0, 0, 190, 0, 0
22.75,0, 0, 4472.45, 0, 0, 0, 0, 0, 32.0898, 0, 0, -10.432, 0, 4.21, 0.0079, 0.8, 600, 0, 0, 0, 190, 0, 0
22.8,0, 0, 4474.02, 0, 0, 0, 0, 0, 31.5691, 0, 0, -10.4122, 0, 4.21, 0.0079, 0.8, 600, 0, 0, 0, 190, 0, 0
22.85,0, 0, 4475.58, 0, 0, 0, 0, 0, 31.0495, 0, 0, -10.3927, 0, 4.21, 0.0079, 0.8, 600, 0, 0, 0, 190, 0, 0
22.9,0, 0, 4477.1, 0, 0, 0, 0, 0, 30.5308, 0, 0, -10.3736, 0, 4.21, 0.0079, 0.8, 600, 0, 0, 0, 190, 0, 0
22.95,0, 0, 4478.6, 0, 0, 0, 0, 0, 30.0131, 0, 0, -10.3548, 0, 4.21, 0.0079, 0.8, 600, 0, 0, 0, 190, 0, 0
23,0, 0, 4480.08, 0, 0, 0, 0, 0, 29.4963, 0, 0, -10.3364, 0, 4.21, 0.0079, 0.8, 600, 0, 0, 0, 190, 0, 0
23.05,0, 0, 4481.53, 0, 0, 0, 0, 0, 28.9804, 0, 0, -10.3183, 0, 4.21, 0.0079, 0.8, 600, 0, 0, 0, 190, 0, 0
23.1,0, 0, 4482.95, 0, 0, 0, 0, 0, 28.4653, 0, 0, -10.3006, 0, 4.21, 0.0079, 0.8, 600, 0, 0, 0, 190, 0, 0
23.15,0, 0, 4484.35, 0, 0, 0, 0, 0, 27.9512, 0, 0, -10.2833, 0, 4.21, 0.0079, 0.8, 600, 0, 0, 0, 190, 0, 0
23.2,0, 0, 4485.72, 0, 0, 0, 0, 0, 27.4378, 0, 0, -10.2663, 0, 4.21, 0.0079, 0.8, 600, 0, 0, 0, 190, 0, 0
23.25,0, 0, 4487.07, 0, 0, 0, 0, 0, 26.9254, 0, 0, -10.2496, 0, 4.21, 0.0079, 0.8, 600, 0, 0, 0, 190, 0, 0
23.3,0, 0, 4488.39, 0, 0, 0, 0, 0, 26.4137, 0, 0, -10.2333, 0, 4.21, 0.0079, 0.8, 600, 0, 0, 0, 190, 0, 0
23.35,0, 0, 4489.68, 0, 0, 0, 0, 0, 25.9028, 0, 0, -10.2173, 0, 4.21, 0.0079, 0.8, 600, 0, 0, 0, 190, 0, 0
23.4,0, 0, 4490.95, 0, 0, 0, 0, 0, 25.3928, 0, 0, -10.2016, 0, 4.21, 0.0079, 0.8, 600, 0, 0, 0, 190, 0, 0
23.45,0, 0, 4492.2, 0, 0, 0, 0, 0, 24.8834, 0, 0, -10.1863, 0, 4.21, 0.0079, 0.8, 600, 0, 0, 0, 190, 0, 0
23.5,0, 0, 4493.42, 0, 0, 0, 0, 0, 24.3749, 0, 0, -10.1713, 0, 4.21, 0.0079, 0.8, 600, 0, 0, 0, 190, 0, 0
23.55,0, 0, 4494.61, 0, 0, 0, 0, 0, 23.867, 0, 0, -10.1566, 0, 4.21, 0.0079, 0.8, 600, 0, 0, 0, 190, 0, 0
23.6,0, 0, 4495.78, 0, 0, 0, 0, 0, 23.3599, 0, 0, -10.1423, 0, 4.21, 0.0079, 0.8, 600, 0, 0, 0, 190, 0, 0
23.65,0, 0, 4496.92, 0, 0, 0, 0, 0, 22.8535, 0, 0, -10.1283, 0, 4.21, 0.0079, 0.8, 600, 0, 0, 0, 190, 0, 0
23.7,0, 0, 4498.04, 0, 0, 0, 0, 0, 22.3478, 0, 0, -10.1146, 0, 4.21, 0.0079, 0.8, 600, 0, 0, 0, 190, 0, 0
23.75,0, 0, 4499.13, 0, 0, 0, 0, 0, 21.8427, 0, 0, -10.1012, 0, 4.21, 0.0079, 0.8, 600, 0, 0, 0, 190, 0, 0
23.8,0, 0, 4500.2, 0, 0, 0, 0, 0, 21.3383, 0, 0, -10.0882, 0, 4.21, 0.0079, 0.8, 600, 0, 0, 0, 190, 0, 0
23.85,0, 0, 4501.24, 0, 0, 0, 0, 0, 20.8345, 0, 0, -10.0755, 0, 4.21, 0.0079, 0.8, 600, 0, 0, 0, 190, 0, 0
23.9,0, 0, 4502.25, 0, 0, 0, 0, 0, 20.3314, 0, 0, -10.0631, 0, 4.21, 0.0079, 0.8, 600, 0, 0, 0, 190, 0, 0
23.95,0, 0, 4503.25, 0, 0, 0, 0, 0, 19.8288, 0, 0, -10.0509, 0, 4.21, 0.0079, 0.8, 600, 0, 0, 0, 190, 0, 0
24,0, 0, 4504.21, 0, 0, 0, 0, 0, 19.3269, 0, 0, -10.0392, 0, 4.21, 0.0079, 0.8, 600, 0, 0, 0, 190, 0, 0
24.05,0, 0, 4505.15, 0, 0, 0, 0, 0, 18.8255, 0, 0, -10.0277, 0, 4.21, 0.0079, 0.8, 600, 0, 0, 0, 190, 0, 0
24.1,0, 0, 4506.07, 0, 0, 0, 0, 0, 18.3247, 0, 0, -10.0165, 0, 4.21, 0.0079, 0.8, 600, 0, 0, 0, 190, 0, 0
24.15,0, 0, 4506.96, 0, 0, 0, 0, 0, 17.8244, 0, 0, -10.0057, 0, 4.21, 0.0079, 0.8, 600, 0, 0, 0, 190, 0, 0
24.2,0, 0, 4507.83, 0, 0, 0, 0, 0, 17.3246, 0, 0, -9.9951, 0, 4.21, 0.0079, 0.8, 600, 0, 0, 0, 190, 0, 0
24.25,0, 0, 4508.67, 0, 0, 0, 0, 0, 16.8254, 0, 0, -9.98485, 0, 4.21, 0.0079, 0.8, 600, 0, 0, 0, 190, 0, 0
24.3,0, 0, 4509.48, 0, 0, 0, 0, 0, 16.3266, 0, 0, -9.9749, 0, 4.21, 0.0079, 0.8, 600, 0, 0, 0, 190, 0, 0
24.35,0, 0, 4510.28, 0, 0, 0, 0, 0, 15.8284, 0, 0, -9.96526, 0, 4.21, 0.0079, 0.8, 600, 0, 0, 0, 190, 0, 0
24.4,0, 0, 4511.04, 0, 0, 0, 0, 0, 15.3306, 0, 0, -9.95591, 0, 4.21, 0.0079, 0.8, 600, 0, 0, 0, 190, 0, 0
24.45,0, 0, 4511.78, 0, 0, 0, 0, 0, 14.8332, 0, 0, -9.94687, 0, 4.21, 0.0079, 0.8, 600, 0, 0, 0, 190, 0, 0
24.5,0, 0, 4512.5, 0, 0, 0, 0, 0, 14.3363, 0, 0, -9.93812, 0, 4.21, 0.0079, 0.8, 600, 0, 0, 0, 190, 0, 0
24.55,0, 0, 4513.19, 0, 0, 0, 0, 0, 13.8399, 0, 0, -9.92967, 0, 4.21, 0.0079, 0.8, 600, 0, 0, 0, 190, 0, 0
24.6,0, 0, 4513.86, 0, 0, 0, 0, 0, 13.3438, 0, 0, -9.92152, 0, 4.21, 0.0079, 0.8, 600, 0, 0, 0, 190, 0, 0
24.65,0, 0, 4514.5, 0, 0, 0, 0, 0, 12.8481, 0, 0, -9.91366, 0, 4.21, 0.0079, 0.8, 600, 0, 0, 0, 190, 0, 0
24.7,0, 0, 4515.12, 0, 0, 0, 0, 0, 12.3528, 0, 0, -9.9061, 0, 4.21, 0.0079, 0.8, 600, 0, 0, 0, 190, 0, 0
24.75,0, 0, 4515.71, 0, 0, 0, 0, 0, 11.8578, 0, 0, -9.89882, 0, 4.21, 0.0079, 0.8, 600, 0, 0, 0, 190, 0, 0
24.8,0, 0, 4516.28, 0, 0, 0, 0, 0, 11.3633, 0, 0, -9.89184, 0, 4.21, 0.0079, 0.8, 600, 0, 0, 0, 190, 0, 0
24.85,0, 0, 4516.82, 0, 0, 0, 0, 0, 10.869, 0, 0, -9.88515, 0, 4.21, 0.0079, 0.8, 600, 0, 0, 0, 190, 0, 0
24.9,0, 0, 4517.34, 0, 0, 0, 0, 0, 10.3751, 0, 0, -9.87875, 0, 4.21, 0.0079, 0.8, 600, 0, 0, 0, 190, 0, 0
24.95,0, 0, 4517.84, 0, 0, 0, 0, 0, 9.88143, 0, 0, -9.87264, 0, 4.21, 0.0079, 0.8, 600, 0, 0, 0, 190, 0, 0
25,0, 0, 4518.31, 0, 0, 0, 0, 0, 9.38809, 0, 0, -9.86682, 0, 4.21, 0.0079, 0.8, 600, 0, 0, 0, 190, 0, 0
25.05,0, 0, 4518.75, 0, 0, 0, 0, 0, 8.89502, 0, 0, -9.86129, 0, 4.21, 0.0079, 0.8, 600, 0, 0, 0, 190, 0, 0
25.1,0, 0, 4519.17, 0, 0, 0, 0, 0, 8.40222, 0, 0, -9.85604, 0, 4.21, 0.0079, 0.8, 600, 0, 0, 0, 190, 0, 0
25.15,0, 0, 4519.57, 0, 0, 0, 0, 0, 7.90967, 0, 0, -9.85108, 0, 4.21, 0.0079, 0.8, 600, 0, 0, 0, 190, 0, 0
25.2,0, 0, 4519.94, 0, 0, 0, 0, 0, 7.41735, 0, 0, -9.8464, 0, 4.21, 0.0079, 0.8, 600, 0, 0, 0, 190, 0, 0
25.25,0, 0, 4520.28, 0, 0, 0, 0, 0, 6.92525, 0, 0, -9.84201, 0, 4.21, 0.0079, 0.8, 600, 0, 0, 0, 190, 0, 0
25.3,0, 0, 4520.61, 0, 0, 0, 0, 0, 6.43335, 0, 0, -9.8379, 0, 4.21, 0.0079, 0.8, 600, 0, 0, 0, 190, 0, 0
25.35,0, 0, 4520.9, 0, 0, 0, 0, 0, 5.94165, 0, 0, -9.83408, 0, 4.21, 0.0079, 0.8, 600, 0, 0, 0, 190, 0, 0
25.4,0, 0, 4521.18, 0, 0, 0, 0, 0, 5.45012, 0, 0, -9.83054, 0, 4.21, 0.0079, 0.8, 600, 0, 0, 0, 190, 0, 0
25.45,0, 0, 4521.42, 0, 0, 0, 0, 0, 4.95876, 0, 0, -9.82728, 0, 4.21, 0.0079, 0.8, 600, 0, 0, 0, 190, 0, 0
25.5,0, 0, 4521.65, 0, 0, 0, 0, 0, 4.46754, 0, 0, -9.8243, 0, 4.21, 0.0079, 0.8, 600, 0, 0, 0, 190, 0, 0
25.55,0, 0, 4521.85, 0, 0, 0, 0, 0, 3.97646, 0, 0, -9.82161, 0, 4.21, 0.0079, 0.8, 600, 0, 0, 0, 190, 0, 0
25.6,0, 0, 4522.02, 0, 0, 0, 0, 0, 3.4855, 0, 0, -9.8192, 0, 4.21, 0.0079, 0.8, 600, 0, 0, 0, 190, 0, 0
25.65,0, 0, 4522.17, 0, 0, 0, 0, 0, 2.99465, 0, 0, -9.81707, 0, 4.21, 0.0079, 0.8, 600, 0, 0, 0, 190, 0, 0
25.7,0, 0, 4522.29, 0, 0, 0, 0, 0, 2.50389, 0, 0, -9.81522, 0, 4.21, 0.0079, 0.8, 600, 0, 0, 0, 190, 0, 0
25.75,0, 0, 4522.4, 0, 0, 0, 0, 0, 2.0132, 0, 0, -9.81365, 0, 4.21, 0.0079, 0.8, 600, 0, 0, 0, 190, 0, 0
25.8,0, 0, 4522.47, 0, 0, 0, 0, 0, 1.52259, 0, 0, -9.81236, 0, 4.21, 0.0079, 0.8, 600, 0, 0, 0, 190, 0, 0
25.85,0, 0, 4522.52, 0, 0, 0, 0, 0, 1.03202, 0, 0, -9.81135, 0, 4.21, 0.0079, 0.8, 600, 0, 0, 0, 190, 0, 0
25.9,0, 0, 4522.55, 0, 0, 0, 0, 0, 0.541488, 0, 0, -9.81062, 0, 4.21, 0.0079, 0.8, 600, 0, 0, 0, 190, 0, 0
25.95,0, 0, 4522.55, 0, 0, 0, 0, 0, 0.0509793, 0, 0, -9.81017, 0, 4.21, 0.0079, 0.8, 600, 0, 0, 0, 190, 0, 0
26,0, 0, 4522.53, 0, 0, 0, 0, 0, -0.439521, 0, 0, -9.81, 0, 4.21, 0.0079, 0.8, 600, 0, 0, 0, 190, 0, 0
26.05,0, 0, 4522.48, 0, 0, 0, 0, 0, -0.930015, 0, 0, -9.80989, 0, 4.21, 0.0079, 0.8, 600, 0, 0, 0, 190, 0, 0
26.1,0, 0, 4522.41, 0, 0, 0, 0, 0, -1.42049, 0, 0, -9.8095, 0, 4.21, 0.0079, 0.8, 600, 0, 0, 0, 190, 0, 0
26.15,0, 0, 4522.32, 0, 0, 0, 0, 0, -1.91093, 0, 0, -9.80883, 0, 4.21, 0.0079, 0.8, 600, 0, 0, 0, 190, 0, 0
26.2,0, 0, 4522.2, 0, 0, 0, 0, 0, -2.40133, 0, 0, -9.80788, 0, 4.21, 0.0079, 0.8, 600, 0, 0, 0, 190, 0, 0
26.25,0, 0, 4522.05, 0, 0, 0, 0, 0, -2.89166, 0, 0, -9.80665, 0, 4.21, 0.0079, 0.8, 600, 0, 0, 0, 190, 0, 0
26.3,0, 0, 4521.88, 0, 0, 0, 0, 0, -3.38191, 0, 0, -9.80514, 0, 4.21, 0.0079, 0.8, 600, 0, 0, 0, 190, 0, 0
26.35,0, 0, 4521.69, 0, 0, 0, 0, 0, -3.87208, 0, 0, -9.80335, 0, 4.21, 0.0079, 0.8, 600, 0, 0, 0, 190, 0, 0
26.4,0, 0, 4521.47, 0, 0, 0, 0, 0, -4.36215, 0, 0, -9.80128, 0, 4.21, 0.0079, 0.8, 600, 0, 0, 0, 190, 0, 0
26.45,0, 0, 4521.23, 0, 0, 0, 0, 0, -4.85209, 0, 0, -9.79893, 0, 4.21, 0.0079, 0.8, 600, 0, 0, 0, 190, 0, 0
26.5,0, 0, 4520.96, 0, 0, 0, 0, 0, -5.34191, 0, 0, -9.7963, 0, 4.21, 0.0079, 0.8, 600, 0, 0, 0, 190, 0, 0
26.55,0, 0, 4520.67, 0, 0, 0, 0, 0, -5.83158, 0, 0, -9.7934, 0, 4.21, 0.0079, 0.8, 600, 0, 0, 0, 190, 0, 0
26.6,0, 0, 4520.36, 0, 0, 0, 0, 0, -6.32109, 0, 0, -9.79022, 0, 4.21, 0.0079, 0.8, 600, 0, 0, 0, 190, 0, 0
26.65,0, 0, 4520.01, 0, 0, 0, 0, 0, -6.81043, 0, 0, -9.78675, 0, 4.21, 0.0079, 0.8, 600, 0, 0, 0, 190, 0, 0
26.7,0, 0, 4519.65, 0, 0, 0, 0, 0, -7.29958, 0, 0, -9.78302, 0, 4.21, 0.0079, 0.8, 600, 0, 0, 0, 190, 0, 0
26.75,0, 0, 4519.26, 0, 0, 0, 0, 0, -7.78853, 0, 0, -9.779, 0, 4.21, 0.0079, 0.8, 600, 0, 0, 0, 190, 0, 0
26.8,0, 0, 4518.85, 0, 0, 0, 0, 0, -8.27726, 0, 0, -9.7747, 0, 4.21, 0.0079, 0.8, 600, 0, 0, 0, 190, 0, 0
26.85,0, 0, 4518.41, 0, 0, 0, 0, 0, -8.76577, 0, 0, -9.77013, 0, 4.21, 0.0079, 0.8, 600, 0, 0, 0, 190, 0, 0
26.9,0, 0, 4517.95, 0, 0, 0, 0, 0, -9.25403, 0, 0, -9.76529, 0, 4.21, 0.0079, 0.8, 600, 0, 0, 0, 190, 0, 0
26.95,0, 0, 4517.46, 0, 0, 0, 0, 0, -9.74204, 0, 0, -9.76017, 0, 4.21, 0.0079, 0.8, 600, 0, 0, 0, 190, 0, 0
27,0, 0, 4516.95, 0, 0, 0, 0, 0, -10.2298, 0, 0, -9.75477, 0, 4.21, 0.0079, 0.8, 600, 0, 0, 0, 190, 0, 0
27.05,0, 0, 4516.41, 0, 0, 0, 0, 0, -10.7172, 0, 0, -9.7491, 0, 4.21, 0.0079, 0.8, 600, 0, 0, 0, 190, 0, 0
27.1,0, 0, 4515.85, 0, 0, 0, 0, 0, -11.2044, 0, 0, -9.74315, 0, 4.21, 0.0079, 0.8, 600, 0, 0, 0, 190, 0, 0
27.15,0, 0, 4515.27, 0, 0, 0, 0, 0, -11.6912, 0, 0, -9.73693, 0, 4.21, 0.0079, 0.8, 600, 0, 0, 0, 190, 0, 0
27.2,0, 0, 4514.66, 0, 0, 0, 0, 0, -12.1778, 0, 0, -9.73044, 0, 4.21, 0.0079, 0.8, 600, 0, 0, 0, 190, 0, 0
27.25,0, 0, 4514.02, 0, 0, 0, 0, 0, -12.6639, 0, 0, -9.72367, 0, 4.21, 0.0079, 0.8, 600, 0, 0, 0, 190, 0, 0
27.3,0, 0, 4513.37, 0, 0, 0, 0, 0, -13.1498, 0, 0, -9.71664, 0, 4.21, 0.0079, 0.8, 600, 0, 0, 0, 190, 0, 0
27.35,0, 0, 4512.68, 0, 0, 0, 0, 0, -13.6352, 0, 0, -9.70933, 0, 4.21, 0.0079, 0.8, 600, 0, 0, 0, 190, 0, 0
27.4,0, 0, 4511.98, 0, 0, 0, 0, 0, -14.1203, 0, 0, -9.70175, 0, 4.21, 0.0079, 0.8, 600, 0, 0, 0, 190, 0, 0
27.45,0, 0, 4511.25, 0, 0, 0, 0, 0, -14.605, 0, 0, -9.6939, 0, 4.21, 0.0079, 0.8, 600, 0, 0, 0, 190, 0, 0
27.5,0, 0, 4510.49, 0, 0, 0, 0, 0, -15.0893, 0, 0, -9.68578, 0, 4.21, 0.0079, 0.8, 600, 0, 0, 0, 190, 0, 0
27.55,0, 0, 4509.72, 0, 0, 0, 0, 0, -15.5732, 0, 0, -9.6774, 0, 4.21, 0.0079, 0.8, 600, 0, 0, 0, 190, 0, 0
27.6,0, 0, 4508.91, 0, 0, 0, 0, 0, -16.0566, 0, 0, -9.66875, 0, 4.21, 0.0079, 0.8, 600, 0, 0, 0, 190, 0, 0
27.65,0, 0, 4508.09, 0, 0, 0, 0, 0, -16.5396, 0, 0, -9.65983, 0, 4.21, 0.0079, 0.8, 600, 0, 0, 0, 190, 0, 0
27.7,0, 0, 4507.23, 0, 0, 0, 0, 0, -17.0221, 0, 0, -9.65064, 0, 4.21, 0.0079, 0.8, 600, 0, 0, 0, 190, 0, 0
27.75,0, 0, 4506.36, 0, 0, 0, 0, 0, -17.5042, 0, 0, -9.64119, 0, 4.21, 0.0079, 0.8, 600, 0, 0, 0, 190, 0, 0
27.8,0, 0, 4505.46, 0, 0, 0, 0, 0, -17.9858, 0, 0, -9.63148, 0, 4.21, 0.0079, 0.8, 600, 0, 0, 0, 190, 0, 0
27.85,0, 0, 4504.54, 0, 0, 0, 0, 0, -18.4669, 0, 0, -9.6215, 0, 4.21, 0.0079, 0.8, 600, 0, 0, 0, 190, 0, 0
27.9,0, 0, 4503.59, 0, 0, 0, 0, 0, -18.9474, 0, 0, -9.61127, 0, 4.21, 0.0079, 0.8, 600, 0, 0, 0, 190, 0, 0
27.95,0, 0, 4502.62, 0, 0, 0, 0, 0, -19.4275, 0, 0, -9.60077, 0, 4.21, 0.0079, 0.8, 600, 0, 0, 0, 190, 0, 0
28,0, 0, 4501.62, 0, 0, 0, 0, 0, -19.907, 0, 0, -9.59001, 0, 4.21, 0.0079, 0.8, 600, 0, 0, 0, 190, 0, 0
28.05,0, 0, 4500.6, 0, 0, 0, 0, 0, -20.3859, 0, 0, -9.57899, 0, 4.21, 0.0079, 0.8, 600, 0, 0, 0, 190, 0, 0
28.1,0, 0, 4499.56, 0, 0, 0, 0, 0, -20.8643, 0, 0, -9.56771, 0, 4.21, 0.0079, 0.8, 600, 0, 0, 0, 190, 0, 0
28.15,0, 0, 4498.49, 0, 0, 0, 0, 0, -21.3421, 0, 0, -9.55618, 0, 4.21, 0.0079, 0.8, 600, 0, 0, 0, 190, 0, 0
28.2,0, 0, 4497.4, 0, 0, 0, 0, 0, -21.8193, 0, 0, -9.54439, 0, 4.21, 0.0079, 0.8, 600, 0, 0, 0, 190, 0, 0
28.25,0, 0, 4496.29, 0, 0, 0, 0, 0, -22.2959, 0, 0, -9.53235, 0, 4.21, 0.0079, 0.8, 600, 0, 0, 0, 190, 0, 0
28.3,0, 0, 4495.15, 0, 0, 0, 0, 0, -22.7719, 0, 0, -9.52005, 0, 4.21, 0.0079, 0.8, 600, 0, 0, 0, 190, 0, 0
28.35,0, 0, 4493.99, 0, 0, 0, 0, 0, -23.2473, 0, 0, -9.5075, 0, 4.21, 0.0079, 0.8, 600, 0, 0, 0, 190, 0, 0
28.4,0, 0, 4492.8, 0, 0, 0, 0, 0, -23.722, 0, 0, -9.4947, 0, 4.21, 0.0079, 0.8, 600, 0, 0, 0, 190, 0, 0
28.45,0, 0, 4491.59, 0, 0, 0, 0, 0, -24.1961, 0, 0, -9.48165, 0, 4.21, 0.0079, 0.8, 600, 0, 0, 0, 190, 0, 0
28.5,0, 0, 4490.36, 0, 0, 0, 0, 0, -24.6695, 0, 0, -9.46835, 0, 4.21, 0.0079, 0.8, 600, 0, 0, 0, 190, 0, 0
28.55,0, 0, 4489.1, 0, 0, 0, 0, 0, -25.1423, 0, 0, -9.45481, 0, 4.21, 0.0079, 0.8, 600, 0, 0, 0, 190, 0, 0
28.6,0, 0, 4487.82, 0, 0, 0, 0, 0, -25.6143, 0, 0, -9.44101, 0, 4.21, 0.0079, 0.8, 600, 0, 0, 0, 190, 0, 0
28.65,0, 0, 4486.51, 0, 0, 0, 0, 0, -26.0857, 0, 0, -9.42697, 0, 4.21, 0.0079, 0.8, 600, 0, 0, 0, 190, 0, 0
28.7,0, 0, 4485.19, 0, 0, 0, 0, 0, -26.5563, 0, 0, -9.41269, 0, 4.21, 0.0079, 0.8, 600, 0, 0, 0, 190, 0, 0
28.75,0, 0, 4483.84, 0, 0, 0, 0, 0, -27.0262, 0, 0, -9.39817, 0, 4.21, 0.0079, 0.8, 600, 0, 0, 0, 190, 0, 0
28.8,0, 0, 4482.46, 0, 0, 0, 0, 0, -27.4954, 0, 0, -9.3834, 0, 4.21, 0.0079, 0.8, 600, 0, 0, 0, 190, 0, 0
28.85,0, 0, 4481.06, 0, 0, 0, 0, 0, -27.9638, 0, 0, -9.3684, 0, 4.21, 0.0079, 0.8, 600, 0, 0, 0, 190, 0, 0
28.9,0, 0, 4479.64, 0, 0, 0, 0, 0, -28.4315, 0, 0, -9.35316, 0, 4.21, 0.0079, 0.8, 600, 0, 0, 0, 190, 0, 0
28.95,0, 0, 4478.2, 0, 0, 0, 0, 0, -28.8984, 0, 0, -9.33768, 0, 4.21, 0.0079, 0.8, 600, 0, 0, 0, 190, 0, 0
29,0, 0, 4476.73, 0, 0, 0, 0, 0, -29.3645, 0, 0, -9.32196, 0, 4.21, 0.0079, 0.8, 600, 0, 0, 0, 190, 0, 0
29.05,0, 0, 4475.24, 0, 0, 0, 0, 0, -29.8298, 0, 0, -9.30601, 0, 4.21, 0.0079, 0.8, 600, 0, 0, 0, 190, 0, 0
29.1,0, 0, 4473.72, 0, 0, 0, 0, 0, -30.2943, 0, 0, -9.28983, 0, 4.21, 0.0079, 0.8, 600, 0, 0, 0, 190, 0, 0
29.15,0, 0, 4472.18, 0, 0, 0, 0, 0, -30.7579, 0, 0, -9.27342, 0, 4.21, 0.0079, 0.8, 600, 0, 0, 0, 190, 0, 0
29.2,0, 0, 4470.62, 0, 0, 0, 0, 0, -31.2208, 0, 0, -9.25678, 0, 4.21, 0.0079, 0.8, 600, 0, 0, 0, 190, 0, 0
29.25,0, 0, 4469.04, 0, 0, 0, 0, 0, -31.6828, 0, 0, -9.23991, 0, 4.21, 0.0079, 0.8, 600, 0, 0, 0, 190, 0, 0
29.3,0, 0, 4467.43, 0, 0, 0, 0, 0, -32.1439, 0, 0, -9.22281, 0, 4.21, 0.0079, 0.8, 600, 0, 0, 0, 190, 0, 0
29.35,0, 0, 4465.8, 0, 0, 0, 0, 0, -32.6042, 0, 0, -9.20549, 0, 4.21, 0.0079, 0.8, 600, 0, 0, 0, 190, 0, 0
29.4,0, 0, 4464.15, 0, 0, 0, 0, 0, -33.0636, 0, 0, -9.18794, 0, 4.21, 0.0079, 0.8, 600, 0, 0, 0, 190, 0, 0
29.45,0, 0, 4462.47, 0, 0, 0, 0, 0, -33.5221, 0, 0, -9.17018, 0, 4.21, 0.0079, 0.8, 600, 0, 0, 0, 190, 0, 0
29.5,0, 0, 4460.77, 0, 0, 0, 0, 0, -33.9797, 0, 0, -9.15219, 0, 4.21, 0.0079, 0.8, 600, 0, 0, 0, 190, 0, 0
29.55,0, 0, 4459.05, 0, 0, 0, 0, 0, -34.4364, 0, 0, -9.13399, 0, 4.21, 0.0079, 0.8, 600, 0, 0, 0, 190, 0, 0
29.6,0, 0, 4457.31, 0, 0, 0, 0, 0, -34.8922, 0, 0, -9.11557, 0, 4.21, 0.0079, 0.8, 600, 0, 0, 0, 190, 0, 0
29.65,0, 0, 4455.54, 0, 0, 0, 0, 0, -35.347, 0, 0, -9.09693, 0, 4.21, 0.0079, 0.8, 600, 0, 0, 0, 190, 0, 0
29.7,0, 0, 4453.75, 0, 0, 0, 0, 0, -35.8009, 0, 0, -9.07808, 0, 4.21, 0.0079, 0.8, 600, 0, 0, 0, 190, 0, 0
29.75,0, 0, 4451.94, 0, 0, 0, 0, 0, -36.2539, 0, 0, -9.05902, 0, 4.21, 0.0079, 0.8, 600, 0, 0, 0, 190, 0, 0
29.8,0, 0, 4450.1, 0, 0, 0, 0, 0, -36.7059, 0, 0, -9.03974, 0, 4.21, 0.0079, 0.8, 600, 0, 0, 0, 190, 0, 0
29.85,0, 0, 4448.24, 0, 0, 0, 0, 0, -37.1569, 0, 0, -9.02026, 0, 4.21, 0.0079, 0.8, 600, 0, 0, 0, 190, 0, 0
29.9,0, 0, 4446.36, 0, 0, 0, 0, 0, -37.6069, 0, 0, -9.00058, 0, 4.21, 0.0079, 0.8, 600, 0, 0, 0, 190, 0, 0
29.95,0, 0, 4444.46, 0, 0, 0, 0, 0, -38.0559, 0, 0, -8.98069, 0, 4.21, 0.0079, 0.8, 600, 0, 0, 0, 190, 0, 0
30,0, 0, 4442.53, 0, 0, 0, 0, 0, -38.504, 0, 0, -8.96059, 0, 4.21, 0.0079, 0.8, 600, 0, 0, 0, 190, 0, 0
30.05,0, 0, 4440.59, 0, 0, 0, 0, 0, -38.951, 0, 0, -8.94029, 0, 4.21, 0.0079, 0.8, 600, 0, 0, 0, 190, 0, 0
30.1,0, 0, 4438.62, 0, 0, 0, 0, 0, -39.397, 0, 0, -8.9198, 0, 4.21, 0.0079, 0.8, 600, 0, 0, 0, 190, 0, 0
30.15,0, 0, 4436.63, 0, 0, 0, 0, 0, -39.8419, 0, 0, -8.8991, 0, 4.21, 0.0079, 0.8, 600, 0, 0, 0, 190, 0, 0
30.2,0, 0, 4434.61, 0, 0, 0, 0, 0, -40.2858, 0, 0, -8.87821, 0, 4.21, 0.0079, 0.8, 600, 0, 0, 0, 190, 0, 0
30.25,0, 0, 4432.57, 0, 0, 0, 0, 0, -40.7287, 0, 0, -8.85713, 0, 4.21, 0.0079, 0.8, 600, 0, 0, 0, 190, 0, 0
30.3,0, 0, 4430.52, 0, 0, 0, 0, 0, -41.1705, 0, 0, -8.83585, 0, 4.21, 0.0079, 0.8, 600, 0, 0, 0, 190, 0, 0
30.35,0, 0, 4428.44, 0, 0, 0, 0, 0, -41.6112, 0, 0, -8.81439, 0, 4.21, 0.0079, 0.8, 600, 0, 0, 0, 190, 0, 0
30.4,0, 0, 4426.33, 0, 0, 0, 0, 0, -42.0508, 0, 0, -8.79273, 0, 4.21, 0.0079, 0.8, 600, 0, 0, 0, 190, 0, 0
30.45,0, 0, 4424.21, 0, 0, 0, 0, 0, -42.4894, 0, 0, -8.77089, 0, 4.21, 0.0079, 0.8, 600, 0, 0, 0, 190, 0, 0
30.5,0, 0, 4422.06, 0, 0, 0, 0, 0, -42.9268, 0, 0, -8.74886, 0, 4.21, 0.0079, 0.8, 600, 0, 0, 0, 190, 0, 0
30.55,0, 0, 4419.89, 0, 0, 0, 0, 0, -43.3632, 0, 0, -8.72665, 0, 4.21, 0.0079, 0.8, 600, 0, 0, 0, 190, 0, 0
30.6,0, 0, 4417.7, 0, 0, 0, 0, 0, -43.7984, 0, 0, -8.70426, 0, 4.21, 0.0079, 0.8, 600, 0, 0, 0, 190, 0, 0
30.65,0, 0, 4415.49, 0, 0, 0, 0, 0, -44.2325, 0, 0, -8.68169, 0, 4.21, 0.0079, 0.8, 600, 0, 0, 0, 190, 0, 0
30.7,0, 0, 4413.26, 0, 0, 0, 0, 0, -44.6654, 0, 0, -8.65894, 0, 4.21, 0.0079, 0.8, 600, 0, 0, 0, 190, 0, 0
30.75,0, 0, 4411, 0, 0, 0, 0, 0, -45.0972, 0, 0, -8.63602, 0, 4.21, 0.0079, 0.8, 600, 0, 0, 0, 190, 0, 0
30.8,0, 0, 4408.73, 0, 0, 0, 0, 0, -45.5278, 0, 0, -8.61293, 0, 4.21, 0.0079, 0.8, 600, 0, 0, 0, 190, 0, 0
30.85,0, 0, 4406.43, 0, 0, 0, 0, 0, -45.9573, 0, 0, -8.58966, 0, 4.21, 0.0079, 0.8, 600, 0, 0, 0, 190, 0, 0
30.9,0, 0, 4404.11, 0, 0, 0, 0, 0, -46.3856, 0, 0, -8.56622, 0, 4.21, 0.0079, 0.8, 600, 0, 0, 0, 190, 0, 0
30.95,0, 0, 4401.77, 0, 0, 0, 0, 0, -46.8128, 0, 0, -8.54262, 0, 4.21, 0.0079, 0.8, 600, 0, 0, 0, 190, 0, 0
31,0, 0, 4399.41, 0, 0, 0, 0, 0, -47.2387, 0, 0, -8.51885, 0, 4.21, 0.0079, 0.8, 600, 0, 0, 0, 190, 0, 0
31.05,0, 0, 4397.03, 0, 0, 0, 0, 0, -47.6635, 0, 0, -8.49491, 0, 4.21, 0.0079, 0.8, 600, 0, 0, 0, 190, 0, 0
31.1,0, 0, 4394.62, 0, 0, 0, 0, 0, -48.087, 0, 0, -8.47082, 0, 4.21, 0.0079, 0.8, 600, 0, 0, 0, 190, 0, 0
31.15,0, 0, 4392.2, 0, 0, 0, 0, 0, -48.5093, 0, 0, -8.44656, 0, 4.21, 0.0079, 0.8, 600, 0, 0, 0, 190, 0, 0
31.2,0, 0, 4389.75, 0, 0, 0, 0, 0, -48.9304, 0, 0, -8.42215, 0, 4.21, 0.0079, 0.8, 600, 0, 0, 0, 190, 0, 0
31.25,0, 0, 4387.28, 0, 0, 0, 0, 0, -49.3503, 0, 0, -8.39758, 0, 4.21, 0.0079, 0.8, 600, 0, 0, 0, 190, 0, 0
31.3,0, 0, 4384.79, 0, 0, 0, 0, 0, -49.769, 0, 0, -8.37286, 0, 4.21, 0.0079, 0.8, 600, 0, 0, 0, 190, 0, 0
31.35,0, 0, 4382.28, 0, 0, 0, 0, 0, -50.1864, 0, 0, -8.34798, 0, 4.21, 0.0079, 0.8, 600, 0, 0, 0, 190, 0, 0
31.4,0, 0, 4379.75, 0, 0, 0, 0, 0, -50.6025, 0, 0, -8.32296, 0, 4.21, 0.0079, 0.8, 600, 0, 0, 0, 190, 0, 0
31.45,0, 0, 4377.2, 0, 0, 0, 0, 0, -51.0174, 0, 0, -8.29779, 0, 4.21, 0.0079, 0.8, 600, 0, 0, 0, 190, 0, 0
31.5,0, 0, 4374.63, 0, 0, 0, 0, 0, -51.431, 0, 0, -8.27247, 0, 4.21, 0.0079, 0.8, 600, 0, 0, 0, 190, 0, 0
31.55,0, 0, 4372.04, 0, 0, 0, 0, 0, -51.8434, 0, 0, -8.24701, 0, 4.21, 0.0079, 0.8, 600, 0, 0, 0, 190, 0, 0
31.6,0, 0, 4369.43, 0, 0, 0, 0, 0, -52.2544, 0, 0, -8.22141, 0, 4.21, 0.0079, 0.8, 600, 0, 0, 0, 190, 0, 0
31.65,0, 0, 4366.79, 0, 0, 0, 0, 0, -52.6642, 0, 0, -8.19567, 0, 4.21, 0.0079, 0.8, 600, 0, 0, 0, 190, 0, 0
31.7,0, 0, 4364.14, 0, 0, 0, 0, 0, -53.0727, 0, 0, -8.16979, 0, 4.21, 0.0079, 0.8, 600, 0, 0, 0, 190, 0, 0
31.75,0, 0, 4361.47, 0, 0, 0, 0, 0, -53.4799, 0, 0, -8.14378, 0, 4.21, 0.0079, 0.8, 600, 0, 0, 0, 190, 0, 0
31.8,0, 0, 4358.77, 0, 0, 0, 0, 0, -53.8858, 0, 0, -8.11763, 0, 4.21, 0.0079, 0.8, 600, 0, 0, 0, 190, 0, 0
31.85,0, 0, 4356.06, 0, 0, 0, 0, 0, -54.2904, 0, 0, -8.09135, 0, 4.21, 0.0079, 0.8, 600, 0, 0, 0, 190, 0, 0
31.9,0, 0, 4353.32, 0, 0, 0, 0, 0, -54.6936, 0, 0, -8.06494, 0, 4.21, 0.0079, 0.8, 600, 0, 0, 0, 190, 0, 0
31.95,0, 0, 4350.57, 0, 0, 0, 0, 0, -55.0955, 0, 0, -8.03841, 0, 4.21, 0.0079, 0.8, 600, 0, 0, 0, 190, 0, 0
32,0, 0, 4347.79, 0, 0, 0, 0, 0, -55.4961, 0, 0, -8.01175, 0, 4.21, 0.0079, 0.8, 600, 0, 0, 0, 190, 0, 0
32.05,0, 0, 4345, 0, 0, 0, 0, 0, -55.8954, 0, 0, -7.98496, 0, 4.21, 0.0079, 0.8, 600, 0, 0, 0, 190, 0, 0
32.1,0, 0, 4342.18, 0, 0, 0, 0, 0, -56.2933, 0, 0, -7.95806, 0, 4.21, 0.0079, 0.8, 600, 0, 0, 0, 190, 0, 0
32.15,0, 0, 4339.35, 0, 0, 0, 0, 0, -56.6898, 0, 0, -7.93104, 0, 4.21, 0.0079, 0.8, 600, 0, 0, 0, 190, 0, 0
32.2,0, 0, 4336.49, 0, 0, 0, 0, 0, -57.085, 0, 0, -7.9039, 0, 4.21, 0.0079, 0.8, 600, 0, 0, 0, 190, 0, 0
32.25,0, 0, 4333.62, 0, 0, 0, 0, 0, -57.4788, 0, 0, -7.87664, 0, 4.21, 0.0079, 0.8, 600, 0, 0, 0, 190, 0, 0
32.3,0, 0, 4330.73, 0, 0, 0, 0, 0, -57.8713, 0, 0, -7.84927, 0, 4.21, 0.0079, 0.8, 600, 0, 0, 0, 190, 0, 0
32.35,0, 0, 4327.81, 0, 0, 0, 0, 0, -58.2624, 0, 0, -7.82179, 0, 4.21, 0.0079, 0.8, 600, 0, 0, 0, 190, 0, 0
32.4,0, 0, 4324.88, 0, 0, 0, 0, 0, -58.6521, 0, 0, -7.7942, 0, 4.21, 0.0079, 0.8, 600, 0, 0, 0, 190, 0, 0
32.45,0, 0, 4321.93, 0, 0, 0, 0, 0, -59.0404, 0, 0, -7.76651, 0, 4.21, 0.0079, 0.8, 600, 0, 0, 0, 190, 0, 0
32.5,0, 0, 4318.96, 0, 0, 0, 0, 0, -59.4274, 0, 0, -7.73871, 0, 4.21, 0.0079, 0.8, 600, 0, 0, 0, 190, 0, 0
32.55,0, 0, 4315.97, 0, 0, 0, 0, 0, -59.8129, 0, 0, -7.71081, 0, 4.21, 0.0079, 0.8, 600, 0, 0, 0, 190, 0, 0
32.6,0, 0, 4312.96, 0, 0, 0, 0, 0, -60.197, 0, 0, -7.68281, 0, 4.21, 0.0079, 0.8, 600, 0, 0, 0, 190, 0, 0
32.65,0, 0, 4309.93, 0, 0, 0, 0, 0, -60.5798, 0, 0, -7.65471, 0, 4.21, 0.0079, 0.8, 600, 0, 0, 0, 190, 0, 0
32.7,0, 0, 4306.88, 0, 0, 0, 0, 0, -60.9611, 0, 0, -7.62651, 0, 4.21, 0.0079, 0.8, 600, 0, 0, 0, 190, 0, 0
32.75,0, 0, 4303.81, 0, 0, 0, 0, 0, -61.341, 0, 0, -7.59822, 0, 4.21, 0.0079, 0.8, 600, 0, 0, 0, 190, 0, 0
32.8,0, 0, 4300.73, 0, 0, 0, 0, 0, -61.7195, 0, 0, -7.56983, 0, 4.21, 0.0079, 0.8, 600, 0, 0, 0, 190, 0, 0
32.85,0, 0, 4297.62, 0, 0, 0, 0, 0, -62.0966, 0, 0, -7.54136, 0, 4.21, 0.0079, 0.8, 600, 0, 0, 0, 190, 0, 0
32.9,0, 0, 4294.5, 0, 0, 0, 0, 0, -62.4722, 0, 0, -7.5128, 0, 4.21, 0.0079, 0.8, 600, 0, 0, 0, 190, 0, 0
32.95,0, 0, 4291.36, 0, 0, 0, 0, 0, -62.8464, 0, 0, -7.48415, 0, 4.21, 0.0079, 0.8, 600, 0, 0, 0, 190, 0, 0
33,0, 0, 4288.2, 0, 0, 0, 0, 0, -63.2192, 0, 0, -7.45541, 0, 4.21, 0.0079, 0.8, 600, 0, 0, 0, 190, 0, 0
33.05,0, 0, 4285.02, 0, 0, 0, 0, 0, -63.5905, 0, 0, -7.4266, 0, 4.21, 0.0079, 0.8, 600, 0, 0, 0, 190, 0, 0
33.1,0, 0, 4281.82, 0, 0, 0, 0, 0, -63.9604, 0, 0, -7.3977, 0, 4.21, 0.0079, 0.8, 600, 0, 0, 0, 190, 0, 0
33.15,0, 0, 4278.6, 0, 0, 0, 0, 0, -64.3288, 0, 0, -7.36873, 0, 4.21, 0.0079, 0.8, 600, 0, 0, 0, 190, 0, 0
33.2,0, 0, 4275.37, 0, 0, 0, 0, 0, -64.6958, 0, 0, -7.33968, 0, 4.21, 0.0079, 0.8, 600, 0, 0, 0, 190, 0, 0
33.25,0, 0, 4272.11, 0, 0, 0, 0, 0, -65.0614, 0, 0, -7.31055, 0, 4.21, 0.0079, 0.8, 600, 0, 0, 0, 190, 0, 0
33.3,0, 0, 4268.84, 0, 0, 0, 0, 0, -65.4254, 0, 0, -7.28135, 0, 4.21, 0.0079, 0.8, 600, 0, 0, 0, 190, 0, 0
33.35,0, 0, 4265.55, 0, 0, 0, 0, 0, -65.788, 0, 0, -7.25209, 0, 4.21, 0.0079, 0.8, 600, 0, 0, 0, 190, 0, 0
33.4,0, 0, 4262.25, 0, 0, 0, 0, 0, -66.1492, 0, 0, -7.22275, 0, 4.21, 0.0079, 0.8, 600, 0, 0, 0, 190, 0, 0
33.45,0, 0, 4258.92, 0, 0, 0, 0, 0, -66.5088, 0, 0, -7.19335, 0, 4.21, 0.0079, 0.8, 600, 0, 0, 0, 190, 0, 0
33.5,0, 0, 4255.58, 0, 0, 0, 0, 0, -66.867, 0, 0, -7.16388, 0, 4.21, 0.0079, 0.8, 600, 0, 0, 0, 190, 0, 0
33.55,0, 0, 4252.22, 0, 0, 0, 0, 0, -67.2237, 0, 0, -7.13435, 0, 4.21, 0.0079, 0.8, 600, 0, 0, 0, 190, 0, 0
33.6,0, 0, 4248.84, 0, 0, 0, 0, 0, -67.579, 0, 0, -7.10477, 0, 4.21, 0.0079, 0.8, 600, 0, 0, 0, 190, 0, 0
33.65,0, 0, 4245.44, 0, 0, 0, 0, 0, -67.9327, 0, 0, -7.07512, 0, 4.21, 0.0079, 0.8, 600, 0, 0, 0, 190, 0, 0
33.7,0, 0, 4242.03, 0, 0, 0, 0, 0, -68.285, 0, 0, -7.04541, 0, 4.21, 0.0079, 0.8, 600, 0, 0, 0, 190, 0, 0
33.75,0, 0, 4238.59, 0, 0, 0, 0, 0, -68.6358, 0, 0, -7.01565, 0, 4.21, 0.0079, 0.8, 600, 0, 0, 0, 190, 0, 0
33.8,0, 0, 4235.14, 0, 0, 0, 0, 0, -68.9851, 0, 0, -6.98584, 0, 4.21, 0.0079, 0.8, 600, 0, 0, 0, 190, 0, 0
33.85,0, 0, 4231.68, 0, 0, 0, 0, 0, -69.3329, 0, 0, -6.95598, 0, 4.21, 0.0079, 0.8, 600, 0, 0, 0, 190, 0, 0
33.9,0, 0, 4228.19, 0, 0, 0, 0, 0, -69.6792, 0, 0, -6.92607, 0, 4.21, 0.0079, 0.8, 600, 0, 0, 0, 190, 0, 0
33.95,0, 0, 4224.69, 0, 0, 0, 0, 0, -70.024, 0, 0, -6.89611, 0, 4.21, 0.0079, 0.8, 600, 0, 0, 0, 190, 0, 0
34,0, 0, 4221.17, 0, 0, 0, 0, 0, -70.3673, 0, 0, -6.86611, 0, 4.21, 0.0079, 0.8, 600, 0, 0, 0, 190, 0, 0
34.05,0, 0, 4217.64, 0, 0, 0, 0, 0, -70.7091, 0, 0, -6.83606, 0, 4.21, 0.0079, 0.8, 600, 0, 0, 0, 190, 0, 0
34.1,0, 0, 4214.09, 0, 0, 0, 0, 0, -71.0494, 0, 0, -6.80597, 0, 4.21, 0.0079, 0.8, 600, 0, 0, 0, 190, 0, 0
34.15,0, 0, 4210.52, 0, 0, 0, 0, 0, -71.3882, 0, 0, -6.77584, 0, 4.21, 0.0079, 0.8, 600, 0, 0, 0, 190, 0, 0
34.2,0, 0, 4206.93, 0, 0, 0, 0, 0, -71.7255, 0, 0, -6.74568, 0, 4.21, 0.0079, 0.8, 600, 0, 0, 0, 190, 0, 0
34.25,0, 0, 4203.33, 0, 0, 0, 0, 0, -72.0612, 0, 0, -6.71548, 0, 4.21, 0.0079, 0.8, 600, 0, 0, 0, 190, 0, 0
34.3,0, 0, 4199.71, 0, 0, 0, 0, 0, -72.3955, 0, 0, -6.68524, 0, 4.21, 0.0079, 0.8, 600, 0, 0, 0, 190, 0, 0
34.35,0, 0, 4196.07, 0, 0, 0, 0, 0, -72.7283, 0, 0, -6.65498, 0, 4.21, 0.0079, 0.8, 600, 0, 0, 0, 190, 0, 0
34.4,0, 0, 4192.42, 0, 0, 0, 0, 0, -73.0595, 0, 0, -6.62468, 0, 4.21, 0.0079, 0.8, 600, 0, 0, 0, 190, 0, 0
34.45,0, 0, 4188.75, 0, 0, 0, 0, 0, -73.3892, 0, 0, -6.59435, 0, 4.21, 0.0079, 0.8, 600, 0, 0, 0, 190, 0, 0
34.5,0, 0, 4185.06, 0, 0, 0, 0, 0, -73.7174, 0, 0, -6.564, 0, 4.21, 0.0079, 0.8, 600, 0, 0, 0, 190, 0, 0
34.55,0, 0, 4181.36, 0, 0, 0, 0, 0, -74.0441, 0, 0, -6.53362, 0, 4.21, 0.0079, 0.8, 600, 0, 0, 0, 190, 0, 0
34.6,0, 0, 4177.64, 0, 0, 0, 0, 0, -74.3693, 0, 0, -6.50322, 0, 4.21, 0.0079, 0.8, 600, 0, 0, 0, 190, 0, 0
34.65,0, 0, 4173.91, 0, 0, 0, 0, 0, -74.6929, 0, 0, -6.4728, 0, 4.21, 0.0079, 0.8, 600, 0, 0, 0, 190, 0, 0
34.7,0, 0, 4170.16, 0, 0, 0, 0, 0, -75.015, 0, 0, -6.44236, 0, 4.21, 0.0079, 0.8, 600, 0, 0, 0, 190, 0, 0
34.75,0, 0, 4166.39, 0, 0, 0, 0, 0, -75.3356, 0, 0, -6.4119, 0, 4.21, 0.0079, 0.8, 600, 0, 0, 0, 190, 0, 0
34.8,0, 0, 4162.61, 0, 0, 0, 0, 0, -75.6547, 0, 0, -6.38142, 0, 4.21, 0.0079, 0.8, 600, 0, 0, 0, 190, 0, 0
34.85,0, 0, 4158.81, 0, 0, 0, 0, 0, -75.9722, 0, 0, -6.35093, 0, 4.21, 0.0079, 0.8, 600, 0, 0, 0, 190, 0, 0
34.9,0, 0, 4154.99, 0, 0, 0, 0, 0, -76.2882, 0, 0, -6.32043, 0, 4.21, 0.0079, 0.8, 600, 0, 0, 0, 190, 0, 0
34.95,0, 0, 4151.16, 0, 0, 0, 0, 0, -76.6027, 0, 0, -6.28992, 0, 4.21, 0.0079, 0.8, 600, 0, 0, 0, 190, 0, 0
35,0, 0, 4147.32, 0, 0, 0, 0, 0, -76.9157, 0, 0, -6.25939, 0, 4.21, 0.0079, 0.8, 600, 0, 0, 0, 190, 0, 0
35.05,0, 0, 4143.46, 0, 0, 0, 0, 0, -77.2272, 0, 0, -6.22886, 0, 4.21, 0.0079, 0.8, 600, 0, 0, 0, 190, 0, 0
35.1,0, 0, 4139.58, 0, 0, 0, 0, 0, -77.5371, 0, 0, -6.19833, 0, 4.21, 0.0079, 0.8, 600, 0, 0, 0, 190, 0, 0
35.15,0, 0, 4135.69, 0, 0, 0, 0, 0, -77.8455, 0, 0, -6.16779, 0, 4.21, 0.0079, 0.8, 600, 0, 0, 0, 190, 0, 0
35.2,0, 0, 4131.78, 0, 0, 0, 0, 0, -78.1523, 0, 0, -6.13724, 0, 4.21, 0.0079, 0.8, 600, 0, 0, 0, 190, 0, 0
35.25,0, 0, 4127.86, 0, 0, 0, 0, 0, -78.4577, 0, 0, -6.1067, 0, 4.21, 0.0079, 0.8, 600, 0, 0, 0, 190, 0, 0
35.3,0, 0, 4123.92, 0, 0, 0, 0, 0, -78.7615, 0, 0, -6.07615, 0, 4.21, 0.0079, 0.8, 600, 0, 0, 0, 190, 0, 0
35.35,0, 0, 4119.97, 0, 0, 0, 0, 0, -79.0637, 0, 0, -6.04561, 0, 4.21, 0.0079, 0.8, 600, 0, 0, 0, 190, 0, 0
35.4,0, 0, 4116, 0, 0, 0, 0, 0, -79.3645, 0, 0, -6.01507, 0, 4.21, 0.0079, 0.8, 600, 0, 0, 0, 190, 0, 0
35.45,0, 0, 4112.01, 0, 0, 0, 0, 0, -79.6637, 0, 0, -5.98454, 0, 4.21, 0.0079, 0.8, 600, 0, 0, 0, 190, 0, 0
35.5,0, 0, 4108.02, 0, 0, 0, 0, 0, -79.9614, 0, 0, -5.95402, 0, 4.21, 0.0079, 0.8, 600, 0, 0, 0, 190, 0, 0
35.55,0, 0, 4104, 0, 0, 0, 0, 0, -80.2576, 0, 0, -5.9235, 0, 4.21, 0.0079, 0.8, 600, 0, 0, 0, 190, 0, 0
35.6,0, 0, 4099.98, 0, 0, 0, 0, 0, -80.5522, 0, 0, -5.89299, 0, 4.21, 0.0079, 0.8, 600, 0, 0, 0, 190, 0, 0
35.65,0, 0, 4095.93, 0, 0, 0, 0, 0, -80.8454, 0, 0, -5.8625, 0, 4.21, 0.0079, 0.8, 600, 0, 0, 0, 190, 0, 0
35.7,0, 0, 4091.88, 0, 0, 0, 0, 0, -81.137, 0, 0, -5.83201, 0, 4.21, 0.0079, 0.8, 600, 0, 0, 0, 190, 0, 0
35.75,0, 0, 4087.81, 0, 0, 0, 0, 0, -81.4271, 0, 0, -5.80155, 0, 4.21, 0.0079, 0.8, 600, 0, 0, 0, 190, 0, 0
35.8,0, 0, 4083.72, 0, 0, 0, 0, 0, -81.7156, 0, 0, -5.77109, 0, 4.21, 0.0079, 0.8, 600, 0, 0, 0, 190, 0, 0
35.85,0, 0, 4079.62, 0, 0, 0, 0, 0, -82.0026, 0, 0, -5.74066, 0, 4.21, 0.0079, 0.8, 600, 0, 0, 0, 190, 0, 0
35.9,0, 0, 4075.51, 0, 0, 0, 0, 0, -82.2882, 0, 0, -5.71025, 0, 4.21, 0.0079, 0.8, 600, 0, 0, 0, 190, 0, 0
35.95,0, 0, 4071.38, 0, 0, 0, 0, 0, -82.5721, 0, 0, -5.67985, 0, 4.21, 0.0079, 0.8, 600, 0, 0, 0, 190, 0, 0
36,0, 0, 4067.23, 0, 0, 0, 0, 0, -82.8546, 0, 0, -5.64948, 0, 4.21, 0.0079, 0.8, 600, 0, 0, 0, 190, 0, 0
36.05,0, 0, 4063.08, 0, 0, 0, 0, 0, -83.1356, 0, 0, -5.61913, 0, 4.21, 0.0079, 0.8, 600, 0, 0, 0, 190, 0, 0
36.1,0, 0, 4058.91, 0, 0, 0, 0, 0, -83.415, 0, 0, -5.5888, 0, 4.21, 0.0079, 0.8, 600, 0, 0, 0, 190, 0, 0
36.15,0, 0, 4054.72, 0, 0, 0, 0, 0, -83.6929, 0, 0, -5.55851, 0, 4.21, 0.0079, 0.8, 600, 0, 0, 0, 190, 0, 0
36.2,0, 0, 4050.52, 0, 0, 0, 0, 0, -83.9694, 0, 0, -5.52824, 0, 4.21, 0.0079, 0.8, 600, 0, 0, 0, 190, 0, 0
36.25,0, 0, 4046.31, 0, 0, 0, 0, 0, -84.2443, 0, 0, -5.49799, 0, 4.21, 0.0079, 0.8, 600, 0, 0, 0, 190, 0, 0
36.3,0, 0, 4042.09, 0, 0, 0, 0, 0, -84.5176, 0, 0, -5.46778, 0, 4.21, 0.0079, 0.8, 600, 0, 0, 0, 190, 0, 0
36.35,0, 0, 4037.85, 0, 0, 0, 0, 0, -84.7895, 0, 0, -5.4376, 0, 4.21, 0.0079, 0.8, 600, 0, 0, 0, 190, 0, 0
36.4,0, 0, 4033.59, 0, 0, 0, 0, 0, -85.0599, 0, 0, -5.40746, 0, 4.21, 0.0079, 0.8, 600, 0, 0, 0, 190, 0, 0
36.45,0, 0, 4029.33, 0, 0, 0, 0, 0, -85.3288, 0, 0, -5.37734, 0, 4.21, 0.0079, 0.8, 600, 0, 0, 0, 190, 0, 0
36.5,0, 0, 4025.05, 0, 0, 0, 0, 0, -85.5961, 0, 0, -5.34727, 0, 4.21, 0.0079, 0.8, 600, 0, 0, 0, 190, 0, 0
36.55,0, 0, 4020.75, 0, 0, 0, 0, 0, -85.862, 0, 0, -5.31723, 0, 4.21, 0.0079, 0.8, 600, 0, 0, 0, 190, 0, 0
36.6,0, 0, 4016.45, 0, 0, 0, 0, 0, -86.1263, 0, 0, -5.28722, 0, 4.21, 0.0079, 0.8, 600, 0, 0, 0, 190, 0, 0
36.65,0, 0, 4012.13, 0, 0, 0, 0, 0, -86.3892, 0, 0, -5.25726, 0, 4.21, 0.0079, 0.8, 600, 0, 0, 0, 190, 0, 0
36.7,0, 0, 4007.8, 0, 0, 0, 0, 0, -86.6506, 0, 0, -5.22734, 0, 4.21, 0.0079, 0.8, 600, 0, 0, 0, 190, 0, 0
36.75,0, 0, 4003.45, 0, 0, 0, 0, 0, -86.9105, 0, 0, -5.19746, 0, 4.21, 0.0079, 0.8, 600, 0, 0, 0, 190, 0, 0
36.8,0, 0, 3999.09, 0, 0, 0, 0, 0, -87.1688, 0, 0, -5.16762, 0, 4.21, 0.0079, 0.8, 600, 0, 0, 0, 190, 0, 0
36.85,0, 0, 3994.72, 0, 0, 0, 0, 0, -87.4257, 0, 0, -5.13783, 0, 4.21, 0.0079, 0.8, 600, 0, 0, 0, 190, 0, 0
36.9,0, 0, 3990.34, 0, 0, 0, 0, 0, -87.6811, 0, 0, -5.10808, 0, 4.21, 0.0079, 0.8, 600, 0, 0, 0, 190, 0, 0
36.95,0, 0, 3985.94, 0, 0, 0, 0, 0, -87.935, 0, 0, -5.07838, 0, 4.21, 0.0079, 0.8, 600, 0, 0, 0, 190, 0, 0
37,0, 0, 3981.53, 0, 0, 0, 0, 0, -88.1875, 0, 0, -5.04873, 0, 4.21, 0.0079, 0.8, 600, 0, 0, 0, 190, 0, 0
37.05,0, 0, 3977.11, 0, 0, 0, 0, 0, -88.4384, 0, 0, -5.01912, 0, 4.21, 0.0079, 0.8, 600, 0, 0, 0, 190, 0, 0
37.1,0, 0, 3972.67, 0, 0, 0, 0, 0, -88.6879, 0, 0, -4.98957, 0, 4.21, 0.0079, 0.8, 600, 0, 0, 0, 190, 0, 0
37.15,0, 0, 3968.23, 0, 0, 0, 0, 0, -88.9359, 0, 0, -4.96007, 0, 4.21, 0.0079, 0.8, 600, 0, 0, 0, 190, 0, 0
37.2,0, 0, 3963.77, 0, 0, 0, 0, 0, -89.1825, 0, 0, -4.93062, 0, 4.21, 0.0079, 0.8, 600, 0, 0, 0, 190, 0, 0
37.25,0, 0, 3959.3, 0, 0, 0, 0, 0, -89.4275, 0, 0, -4.90122, 0, 4.21, 0.0079, 0.8, 600, 0, 0, 0, 190, 0, 0
37.3,0, 0, 3954.81, 0, 0, 0, 0, 0, -89.6711, 0, 0, -4.87188, 0, 4.21, 0.0079, 0.8, 600, 0, 0, 0, 190, 0, 0
37.35,0, 0, 3950.32, 0, 0, 0, 0, 0, -89.9132, 0, 0, -4.8426, 0, 4.21, 0.0079, 0.8, 600, 0, 0, 0, 190, 0, 0
37.4,0, 0, 3945.81, 0, 0, 0, 0, 0, -90.1539, 0, 0, -4.81337, 0, 4.21, 0.0079, 0.8, 600, 0, 0, 0, 190, 0, 0
37.45,0, 0, 3941.29, 0, 0, 0, 0, 0, -90.3931, 0, 0, -4.7842, 0, 4.21, 0.0079, 0.8, 600, 0, 0, 0, 190, 0, 0
37.5,0, 0, 3936.76, 0, 0, 0, 0, 0, -90.6309, 0, 0, -4.75508, 0, 4.21, 0.0079, 0.8, 600, 0, 0, 0, 190, 0, 0
37.55,0, 0, 3932.21, 0, 0, 0, 0, 0, -90.8672, 0, 0, -4.72603, 0, 4.21, 0.0079, 0.8, 600, 0, 0, 0, 190, 0, 0
37.6,0, 0, 3927.66, 0, 0, 0, 0, 0, -91.102, 0, 0, -4.69704, 0, 4.21, 0.0079, 0.8, 600, 0, 0, 0, 190, 0, 0
37.65,0, 0, 3923.09, 0, 0, 0, 0, 0, -91.3354, 0, 0, -4.66811, 0, 4.21, 0.0079, 0.8, 600, 0, 0, 0, 190, 0, 0
37.7,0, 0, 3918.51, 0, 0, 0, 0, 0, -91.5674, 0, 0, -4.63924, 0, 4.21, 0.0079, 0.8, 600, 0, 0, 0, 190, 0, 0
37.75,0, 0, 3913.92, 0, 0, 0, 0, 0, -91.7979, 0, 0, -4.61044, 0, 4.21, 0.0079, 0.8, 600, 0, 0, 0, 190, 0, 0
37.8,0, 0, 3909.32, 0, 0, 0, 0, 0, -92.027, 0, 0, -4.5817, 0, 4.21, 0.0079, 0.8, 600, 0, 0, 0, 190, 0, 0
37.85,0, 0, 3904.71, 0, 0, 0, 0, 0, -92.2546, 0, 0, -4.55302, 0, 4.21, 0.0079, 0.8, 600, 0, 0, 0, 190, 0, 0
37.9,0, 0, 3900.09, 0, 0, 0, 0, 0, -92.4809, 0, 0, -4.52441, 0, 4.21, 0.0079, 0.8, 600, 0, 0, 0, 190, 0, 0
37.95,0, 0, 3895.45, 0, 0, 0, 0, 0, -92.7057, 0, 0, -4.49587, 0, 4.21, 0.0079, 0.8, 600, 0, 0, 0, 190, 0, 0
38,0, 0, 3890.8, 0, 0, 0, 0, 0, -92.929, 0, 0, -4.4674, 0, 4.21, 0.0079, 0.8, 600, 0, 0, 0, 190, 0, 0
38.05,0, 0, 3886.15, 0, 0, 0, 0, 0, -93.151, 0, 0, -4.439, 0, 4.21, 0.0079, 0.8, 600, 0, 0, 0, 190, 0, 0
38.1,0, 0, 3881.48, 0, 0, 0, 0, 0, -93.3715, 0, 0, -4.41067, 0, 4.21, 0.0079, 0.8, 600, 0, 0, 0, 190, 0, 0
38.15,0, 0, 3876.8, 0, 0, 0, 0, 0, -93.5906, 0, 0, -4.38241, 0, 4.21, 0.0079, 0.8, 600, 0, 0, 0, 190, 0, 0
38.2,0, 0, 3872.11, 0, 0, 0, 0, 0, -93.8083, 0, 0, -4.35422, 0, 4.21, 0.0079, 0.8, 600, 0, 0, 0, 190, 0, 0
38.25,0, 0, 3867.41, 0, 0, 0, 0, 0, -94.0247, 0, 0, -4.3261, 0, 4.21, 0.0079, 0.8, 600, 0, 0, 0, 190, 0, 0
38.3,0, 0, 3862.7, 0, 0, 0, 0, 0, -94.2396, 0, 0, -4.29806, 0, 4.21, 0.0079, 0.8, 600, 0, 0, 0, 190, 0, 0
38.35,0, 0, 3857.97, 0, 0, 0, 0, 0, -94.4531, 0, 0, -4.27009, 0, 4.21, 0.0079, 0.8, 600, 0, 0, 0, 190, 0, 0
38.4,0, 0, 3853.24, 0, 0, 0, 0, 0, -94.6652, 0, 0, -4.24219, 0, 4.21, 0.0079, 0.8, 600, 0, 0, 0, 190, 0, 0
38.45,0, 0, 3848.5, 0, 0, 0, 0, 0, -94.8759, 0, 0, -4.21437, 0, 4.21, 0.0079, 0.8, 600, 0, 0, 0, 190, 0, 0
38.5,0, 0, 3843.74, 0, 0, 0, 0, 0, -95.0852, 0, 0, -4.18663, 0, 4.21, 0.0079, 0.8, 600, 0, 0, 0, 190, 0, 0
38.55,0, 0, 3838.98, 0, 0, 0, 0, 0, -95.2932, 0, 0, -4.15896, 0, 4.21, 0.0079, 0.8, 600, 0, 0, 0, 190, 0, 0
38.6,0, 0, 3834.2, 0, 0, 0, 0, 0, -95.4997, 0, 0, -4.13138, 0, 4.21, 0.0079, 0.8, 600, 0, 0, 0, 190, 0, 0
38.65,0, 0, 3829.42, 0, 0, 0, 0, 0, -95.7049, 0, 0, -4.10387, 0, 4.21, 0.0079, 0.8, 600, 0, 0, 0, 190, 0, 0
38.7,0, 0, 3824.62, 0, 0, 0, 0, 0, -95.9088, 0, 0, -4.07644, 0, 4.21, 0.0079, 0.8, 600, 0, 0, 0, 190, 0, 0
38.75,0, 0, 3819.82, 0, 0, 0, 0, 0, -96.1112, 0, 0, -4.04909, 0, 4.21, 0.0079, 0.8, 600, 0, 0, 0, 190, 0, 0
38.8,0, 0, 3815, 0, 0, 0, 0, 0, -96.3123, 0, 0, -4.02182, 0, 4.21, 0.0079, 0.8, 600, 0, 0, 0, 190, 0, 0
38.85,0, 0, 3810.17, 0, 0, 0, 0, 0, -96.512, 0, 0, -3.99463, 0, 4.21, 0.0079, 0.8, 600, 0, 0, 0, 190, 0, 0
38.9,0, 0, 3805.34, 0, 0, 0, 0, 0, -96.7104, 0, 0, -3.96753, 0, 4.21, 0.0079, 0.8, 600, 0, 0, 0, 190, 0, 0
38.95,0, 0, 3800.49, 0, 0, 0, 0, 0, -96.9074, 0, 0, -3.9405, 0, 4.21, 0.0079, 0.8, 600, 0, 0, 0, 190, 0, 0
39,0, 0, 3795.64, 0, 0, 0, 0, 0, -97.1031, 0, 0, -3.91356, 0, 4.21, 0.0079, 0.8, 600, 0, 0, 0, 190, 0, 0
39.05,0, 0, 3790.77, 0, 0, 0, 0, 0, -97.2974, 0, 0, -3.88671, 0, 4.21, 0.0079, 0.8, 600, 0, 0, 0, 190, 0, 0
39.1,0, 0, 3785.9, 0, 0, 0, 0, 0, -97.4904, 0, 0, -3.85994, 0, 4.21, 0.0079, 0.8, 600, 0, 0, 0, 190, 0, 0
39.15,0, 0, 3781.01, 0, 0, 0, 0, 0, -97.6821, 0, 0, -3.83325, 0, 4.21, 0.0079, 0.8, 600, 0, 0, 0, 190, 0, 0
39.2,0, 0, 3776.12, 0, 0, 0, 0, 0, -97.8724, 0, 0, -3.80665, 0, 4.21, 0.0079, 0.8, 600, 0, 0, 0, 190, 0, 0
39.25,0, 0, 3771.22, 0, 0, 0, 0, 0, -98.0614, 0, 0, -3.78014, 0, 4.21, 0.0079, 0.8, 600, 0, 0, 0, 190, 0, 0
39.3,0, 0, 3766.31, 0, 0, 0, 0, 0, -98.2491, 0, 0, -3.75371, 0, 4.21, 0.0079, 0.8, 600, 0, 0, 0, 190, 0, 0
39.35,0, 0, 3761.38, 0, 0, 0, 0, 0, -98.4355, 0, 0, -3.72737, 0, 4.21, 0.0079, 0.8, 600, 0, 0, 0, 190, 0, 0
39.4,0, 0, 3756.45, 0, 0, 0, 0, 0, -98.6206, 0, 0, -3.70112, 0, 4.21, 0.0079, 0.8, 600, 0, 0, 0, 190, 0, 0
39.45,0, 0, 3751.51, 0, 0, 0, 0, 0, -98.8043, 0, 0, -3.67496, 0, 4.21, 0.0079, 0.8, 600, 0, 0, 0, 190, 0, 0
39.5,0, 0, 3746.56, 0, 0, 0, 0, 0, -98.9867, 0, 0, -3.64888, 0, 4.21, 0.0079, 0.8, 600, 0, 0, 0, 190, 0, 0
39.55,0, 0, 3741.6, 0, 0, 0, 0, 0, -99.1679, 0, 0, -3.6229, 0, 4.21, 0.0079, 0.8, 600, 0, 0, 0, 190, 0, 0
39.6,0, 0, 3736.64, 0, 0, 0, 0, 0, -99.3477, 0, 0, -3.597, 0, 4.21, 0.0079, 0.8, 600, 0, 0, 0, 190, 0, 0
39.65,0, 0, 3731.66, 0, 0, 0, 0, 0, -99.5263, 0, 0, -3.5712, 0, 4.21, 0.0079, 0.8, 600, 0, 0, 0, 190, 0, 0
39.7,0, 0, 3726.68, 0, 0, 0, 0, 0, -99.7036, 0, 0, -3.54549, 0, 4.21, 0.0079, 0.8, 600, 0, 0, 0, 190, 0, 0
39.75,0, 0, 3721.68, 0, 0, 0, 0, 0, -99.8796, 0, 0, -3.51986, 0, 4.21, 0.0079, 0.8, 600, 0, 0, 0, 190, 0, 0
39.8,0, 0, 3716.68, 0, 0, 0, 0, 0, -100.054, 0, 0, -3.49433, 0, 4.21, 0.0079, 0.8, 600, 0, 0, 0, 190, 0, 0
39.85,0, 0, 3711.67, 0, 0, 0, 0, 0, -100.228, 0, 0, -3.46889, 0, 4.21, 0.0079, 0.8, 600, 0, 0, 0, 190, 0, 0
39.9,0, 0, 3706.65, 0, 0, 0, 0, 0, -100.4, 0, 0, -3.44355, 0, 4.21, 0.0079, 0.8, 600, 0, 0, 0, 190, 0, 0
39.95,0, 0, 3701.62, 0, 0, 0, 0, 0, -100.571, 0, 0, -3.41829, 0, 4.21, 0.0079, 0.8, 600, 0, 0, 0, 190, 0, 0
40,0, 0, 3696.58, 0, 0, 0, 0, 0, -100.74, 0, 0, -3.39314, 0, 4.21, 0.0079, 0.8, 600, 0, 0, 0, 190, 0, 0
40.05,0, 0, 3691.54, 0, 0, 0, 0, 0, -100.909, 0, 0, -3.36807, 0, 4.21, 0.0079, 0.8, 600, 0, 0, 0, 190, 0, 0
40.1,0, 0, 3686.48, 0, 0, 0, 0, 0, -101.076, 0, 0, -3.3431, 0, 4.21, 0.0079, 0.8, 600, 0, 0, 0, 190, 0, 0
40.15,0, 0, 3681.42, 0, 0, 0, 0, 0, -101.242, 0, 0, -3.31822, 0, 4.21, 0.0079, 0.8, 600, 0, 0, 0, 190, 0, 0
40.2,0, 0, 3676.35, 0, 0, 0, 0, 0, -101.407, 0, 0, -3.29344, 0, 4.21, 0.0079, 0.8, 600, 0, 0, 0, 190, 0, 0
40.25,0, 0, 3671.27, 0, 0, 0, 0, 0, -101.57, 0, 0, -3.26875, 0, 4.21, 0.0079, 0.8, 600, 0, 0, 0, 190, 0, 0
40.3,0, 0, 3666.19, 0, 0, 0, 0, 0, -101.732, 0, 0, -3.24416, 0, 4.21, 0.0079, 0.8, 600, 0, 0, 0, 190, 0, 0
40.35,0, 0, 3661.09, 0, 0, 0, 0, 0, -101.893, 0, 0, -3.21966, 0, 4.21, 0.0079, 0.8, 600, 0, 0, 0, 190, 0, 0
40.4,0, 0, 3655.99, 0, 0, 0, 0, 0, -102.053, 0, 0, -3.19526, 0, 4.21, 0.0079, 0.8, 600, 0, 0, 0, 190, 0, 0
40.45,0, 0, 3650.88, 0, 0, 0, 0, 0, -102.212, 0, 0, -3.17096, 0, 4.21, 0.0079, 0.8, 600, 0, 0, 0, 190, 0, 0
40.5,0, 0, 3645.76, 0, 0, 0, 0, 0, -102.369, 0, 0, -3.14675, 0, 4.21, 0.0079, 0.8, 600, 0, 0, 0, 190, 0, 0
40.55,0, 0, 3640.63, 0, 0, 0, 0, 0, -102.525, 0, 0, -3.12264, 0, 4.21, 0.0079, 0.8, 600, 0, 0, 0, 190, 0, 0
40.6,0, 0, 3635.5, 0, 0, 0, 0, 0, -102.68, 0, 0, -3.09863, 0, 4.21, 0.0079, 0.8, 600, 0, 0, 0, 190, 0, 0
40.65,0, 0, 3630.36, 0, 0, 0, 0, 0, -102.834, 0, 0, -3.07472, 0, 4.21, 0.0079, 0.8, 600, 0, 0, 0, 190, 0, 0
40.7,0, 0, 3625.21, 0, 0, 0, 0, 0, -102.986, 0, 0, -3.0509, 0, 4.21, 0.0079, 0.8, 600, 0, 0, 0, 190, 0, 0
40.75,0, 0, 3620.05, 0, 0, 0, 0, 0, -103.138, 0, 0, -3.02718, 0, 4.21, 0.0079, 0.8, 600, 0, 0, 0, 190, 0, 0
40.8,0, 0, 3614.89, 0, 0, 0, 0, 0, -103.288, 0, 0, -3.00356, 0, 4.21, 0.0079, 0.8, 600, 0, 0, 0, 190, 0, 0
40.85,0, 0, 3609.71, 0, 0, 0, 0, 0, -103.437, 0, 0, -2.98004, 0, 4.21, 0.0079, 0.8, 600, 0, 0, 0, 190, 0, 0
40.9,0, 0, 3604.54, 0, 0, 0, 0, 0, -103.585, 0, 0, -2.95661, 0, 4.21, 0.0079, 0.8, 600, 0, 0, 0, 190, 0, 0
40.95,0, 0, 3599.35, 0, 0, 0, 0, 0, -103.731, 0, 0, -2.93329, 0, 4.21, 0.0079, 0.8, 600, 0, 0, 0, 190, 0, 0
41,0, 0, 3594.16, 0, 0, 0, 0, 0, -103.877, 0, 0, -2.91006, 0, 4.21, 0.0079, 0.8, 600, 0, 0, 0, 190, 0, 0
41.05,0, 0, 3588.95, 0, 0, 0, 0, 0, -104.021, 0, 0, -2.88694, 0, 4.21, 0.0079, 0.8, 600, 0, 0, 0, 190, 0, 0
41.1,0, 0, 3583.75, 0, 0, 0, 0, 0, -104.164, 0, 0, -2.86391, 0, 4.21, 0.0079, 0.8, 600, 0, 0, 0, 190, 0, 0
41.15,0, 0, 3578.53, 0, 0, 0, 0, 0, -104.306, 0, 0, -2.84098, 0, 4.21, 0.0079, 0.8, 600, 0, 0, 0, 190, 0, 0
41.2,0, 0, 3573.31, 0, 0, 0, 0, 0, -104.447, 0, 0, -2.81816, 0, 4.21, 0.0079, 0.8, 600, 0, 0, 0, 190, 0, 0
41.25,0, 0, 3568.08, 0, 0, 0, 0, 0, -104.587, 0, 0, -2.79543, 0, 4.21, 0.0079, 0.8, 600, 0, 0, 0, 190, 0, 0
41.3,0, 0, 3562.84, 0, 0, 0, 0, 0, -104.726, 0, 0, -2.7728, 0, 4.21, 0.0079, 0.8, 600, 0, 0, 0, 190, 0, 0
41.35,0, 0, 3557.6, 0, 0, 0, 0, 0, -104.863, 0, 0, -2.75027, 0, 4.21, 0.0079, 0.8, 600, 0, 0, 0, 190, 0, 0
41.4,0, 0, 3552.35, 0, 0, 0, 0, 0, -105, 0, 0, -2.72785, 0, 4.21, 0.0079, 0.8, 600, 0, 0, 0, 190, 0, 0
41.45,0, 0, 3547.09, 0, 0, 0, 0, 0, -105.135, 0, 0, -2.70552, 0, 4.21, 0.0079, 0.8, 600, 0, 0, 0, 190, 0, 0
41.5,0, 0, 3541.83, 0, 0, 0, 0, 0, -105.269, 0, 0, -2.68329, 0, 4.21, 0.0079, 0.8, 600, 0, 0, 0, 190, 0, 0
41.55,0, 0, 3536.56, 0, 0, 0, 0, 0, -105.402, 0, 0, -2.66117, 0, 4.21, 0.0079, 0.8, 600, 0, 0, 0, 190, 0, 0
41.6,0, 0, 3531.28, 0, 0, 0, 0, 0, -105.534, 0, 0, -2.63914, 0, 4.21, 0.0079, 0.8, 600, 0, 0, 0, 190, 0, 0
41.65,0, 0, 3526, 0, 0, 0, 0, 0, -105.665, 0, 0, -2.61722, 0, 4.21, 0.0079, 0.8, 600, 0, 0, 0, 190, 0, 0
41.7,0, 0, 3520.71, 0, 0, 0, 0, 0, -105.795, 0, 0, -2.59539, 0, 4.21, 0.0079, 0.8, 600, 0, 0, 0, 190, 0, 0
41.75,0, 0, 3515.41, 0, 0, 0, 0, 0, -105.923, 0, 0, -2.57367, 0, 4.21, 0.0079, 0.8, 600, 0, 0, 0, 190, 0, 0
41.8,0, 0, 3510.11, 0, 0, 0, 0, 0, -106.051, 0, 0, -2.55205, 0, 4.21, 0.0079, 0.8, 600, 0, 0, 0, 190, 0, 0
41.85,0, 0, 3504.8, 0, 0, 0, 0, 0, -106.177, 0, 0, -2.53053, 0, 4.21, 0.0079, 0.8, 600, 0, 0, 0, 190, 0, 0
41.9,0, 0, 3499.49, 0, 0, 0, 0, 0, -106.303, 0, 0, -2.50911, 0, 4.21, 0.0079, 0.8, 600, 0, 0, 0, 190, 0, 0
41.95,0, 0, 3494.17, 0, 0, 0, 0, 0, -106.427, 0, 0, -2.48779, 0, 4.21, 0.0079, 0.8, 600, 0, 0, 0, 190, 0, 0
42,0, 0, 3488.84, 0, 0, 0, 0, 0, -106.551, 0, 0, -2.46657, 0, 4.21, 0.0079, 0.8, 600, 0, 0, 0, 190, 0, 0
42.05,0, 0, 3483.5, 0, 0, 0, 0, 0, -106.673, 0, 0, -2.44545, 0, 4.21, 0.0079, 0.8, 600, 0, 0, 0, 190, 0, 0
42.1,0, 0, 3478.16, 0, 0, 0, 0, 0, -106.794, 0, 0, -2.42444, 0, 4.21, 0.0079, 0.8, 600, 0, 0, 0, 190, 0, 0
42.15,0, 0, 3472.82, 0, 0, 0, 0, 0, -106.914, 0, 0, -2.40352, 0, 4.21, 0.0079, 0.8, 600, 0, 0, 0, 190, 0, 0
42.2,0, 0, 3467.47, 0, 0, 0, 0, 0, -107.033, 0, 0, -2.38271, 0, 4.21, 0.0079, 0.8, 600, 0, 0, 0, 190, 0, 0
42.25,0, 0, 3462.11, 0, 0, 0, 0, 0, -107.152, 0, 0, -2.362, 0, 4.21, 0.0079, 0.8, 600, 0, 0, 0, 190, 0, 0
42.3,0, 0, 3456.75, 0, 0, 0, 0, 0, -107.269, 0, 0, -2.34139, 0, 4.21, 0.0079, 0.8, 600, 0, 0, 0, 190, 0, 0
42.35,0, 0, 3451.38, 0, 0, 0, 0, 0, -107.385, 0, 0, -2.32088, 0, 4.21, 0.0079, 0.8, 600, 0, 0, 0, 190, 0, 0
42.4,0, 0, 3446, 0, 0, 0, 0, 0, -107.5, 0, 0, -2.30047, 0, 4.21, 0.0079, 0.8, 600, 0, 0, 0, 190, 0, 0
42.45,0, 0, 3440.62, 0, 0, 0, 0, 0, -107.614, 0, 0, -2.28016, 0, 4.21, 0.0079, 0.8, 600, 0, 0, 0, 190, 0, 0
42.5,0, 0, 3435.23, 0, 0, 0, 0, 0, -107.727, 0, 0, -2.25995, 0, 4.21, 0.0079, 0.8, 600, 0, 0, 0, 190, 0, 0
42.55,0, 0, 3429.84, 0, 0, 0, 0, 0, -107.839, 0, 0, -2.23985, 0, 4.21, 0.0079, 0.8, 600, 0, 0, 0, 190, 0, 0
42.6,0, 0, 3424.45, 0, 0, 0, 0, 0, -107.95, 0, 0, -2.21984, 0, 4.21, 0.0079, 0.8, 600, 0, 0, 0, 190, 0, 0
42.65,0, 0, 3419.04, 0, 0, 0, 0, 0, -108.06, 0, 0, -2.19994, 0, 4.21, 0.0079, 0.8, 600, 0, 0, 0, 190, 0, 0
42.7,0, 0, 3413.63, 0, 0, 0, 0, 0, -108.169, 0, 0, -2.18013, 0, 4.21, 0.0079, 0.8, 600, 0, 0, 0, 190, 0, 0
42.75,0, 0, 3408.22, 0, 0, 0, 0, 0, -108.277, 0, 0, -2.16043, 0, 4.21, 0.0079, 0.8, 600, 0, 0, 0, 190, 0, 0
42.8,0, 0, 3402.8, 0, 0, 0, 0, 0, -108.384, 0, 0, -2.14082, 0, 4.21, 0.0079, 0.8, 600, 0, 0, 0, 190, 0, 0
42.85,0, 0, 3397.38, 0, 0, 0, 0, 0, -108.49, 0, 0, -2.12132, 0, 4.21, 0.0079, 0.8, 600, 0, 0, 0, 190, 0, 0
42.9,0, 0, 3391.95, 0, 0, 0, 0, 0, -108.595, 0, 0, -2.10192, 0, 4.21, 0.0079, 0.8, 600, 0, 0, 0, 190, 0, 0
42.95,0, 0, 3386.51, 0, 0, 0, 0, 0, -108.699, 0, 0, -2.08262, 0, 4.21, 0.0079, 0.8, 600, 0, 0, 0, 190, 0, 0
43,0, 0, 3381.07, 0, 0, 0, 0, 0, -108.802, 0, 0, -2.06342, 0, 4.21, 0.0079, 0.8, 600, 0, 0, 0, 190, 0, 0
43.05,0, 0, 3375.63, 0, 0, 0, 0, 0, -108.904, 0, 0, -2.04431, 0, 4.21, 0.0079, 0.8, 600, 0, 0, 0, 190, 0, 0
43.1,0, 0, 3370.18, 0, 0, 0, 0, 0, -109.006, 0, 0, -2.02531, 0, 4.21, 0.0079, 0.8, 600, 0, 0, 0, 190, 0, 0
43.15,0, 0, 3364.72, 0, 0, 0, 0, 0, -109.106, 0, 0, -2.00641, 0, 4.21, 0.0079, 0.8, 600, 0, 0, 0, 190, 0, 0
43.2,0, 0, 3359.26, 0, 0, 0, 0, 0, -109.205, 0, 0, -1.98761, 0, 4.21, 0.0079, 0.8, 600, 0, 0, 0, 190, 0, 0
43.25,0, 0, 3353.8, 0, 0, 0, 0, 0, -109.304, 0, 0, -1.9689, 0, 4.21, 0.0079, 0.8, 600, 0, 0, 0, 190, 0, 0
43.3,0, 0, 3348.33, 0, 0, 0, 0, 0, -109.401, 0, 0, -1.9503, 0, 4.21, 0.0079, 0.8, 600, 0, 0, 0, 190, 0, 0
43.35,0, 0, 3342.85, 0, 0, 0, 0, 0, -109.498, 0, 0, -1.9318, 0, 4.21, 0.0079, 0.8, 600, 0, 0, 0, 190, 0, 0
43.4,0, 0, 3337.37, 0, 0, 0, 0, 0, -109.594, 0, 0, -1.91339, 0, 4.21, 0.0079, 0.8, 600, 0, 0, 0, 190, 0, 0
43.45,0, 0, 3331.89, 0, 0, 0, 0, 0, -109.688, 0, 0, -1.89508, 0, 4.21, 0.0079, 0.8, 600, 0, 0, 0, 190, 0, 0
43.5,0, 0, 3326.4, 0, 0, 0, 0, 0, -109.782, 0, 0, -1.87688, 0, 4.21, 0.0079, 0.8, 600, 0, 0, 0, 190, 0, 0
43.55,0, 0, 3320.9, 0, 0, 0, 0, 0, -109.875, 0, 0, -1.85877, 0, 4.21, 0.0079, 0.8, 600, 0, 0, 0, 190, 0, 0
43.6,0, 0, 3315.41, 0, 0, 0, 0, 0, -109.967, 0, 0, -1.84076, 0, 4.21, 0.0079, 0.8, 600, 0, 0, 0, 190, 0, 0
43.65,0, 0, 3309.9, 0, 0, 0, 0, 0, -110.058, 0, 0, -1.82284, 0, 4.21, 0.0079, 0.8, 600, 0, 0, 0, 190, 0, 0
43.7,0, 0, 3304.39, 0, 0, 0, 0, 0, -110.149, 0, 0, -1.80503, 0, 4.21, 0.0079, 0.8, 600, 0, 0, 0, 190, 0, 0
43.75,0, 0, 3298.88, 0, 0, 0, 0, 0, -110.238, 0, 0, -1.78731, 0, 4.21, 0.0079, 0.8, 600, 0, 0, 0, 190, 0, 0
43.8,0, 0, 3293.37, 0, 0, 0, 0, 0, -110.326, 0, 0, -1.76969, 0, 4.21, 0.0079, 0.8, 600, 0, 0, 0, 190, 0, 0
43.85,0, 0, 3287.85, 0, 0, 0, 0, 0, -110.414, 0, 0, -1.75217, 0, 4.21, 0.0079, 0.8, 600, 0, 0, 0, 190, 0, 0
43.9,0, 0, 3282.32, 0, 0, 0, 0, 0, -110.501, 0, 0, -1.73475, 0, 4.21, 0.0079, 0.8, 600, 0, 0, 0, 190, 0, 0
43.95,0, 0, 3276.79, 0, 0, 0, 0, 0, -110.587, 0, 0, -1.71742, 0, 4.21, 0.0079, 0.8, 600, 0, 0, 0, 190, 0, 0
44,0, 0, 3271.26, 0, 0, 0, 0, 0, -110.672, 0, 0, -1.70019, 0, 4.21, 0.0079, 0.8, 600, 0, 0, 0, 190, 0, 0
44.05,0, 0, 3265.72, 0, 0, 0, 0, 0, -110.756, 0, 0, -1.68306, 0, 4.21, 0.0079, 0.8, 600, 0, 0, 0, 190, 0, 0
44.1,0, 0, 3260.18, 0, 0, 0, 0, 0, -110.839, 0, 0, -1.66602, 0, 4.21, 0.0079, 0.8, 600, 0, 0, 0, 190, 0, 0
44.15,0, 0, 3254.63, 0, 0, 0, 0, 0, -110.922, 0, 0, -1.64908, 0, 4.21, 0.0079, 0.8, 600, 0, 0, 0, 190, 0, 0
44.2,0, 0, 3249.08, 0, 0, 0, 0, 0, -111.003, 0, 0, -1.63223, 0, 4.21, 0.0079, 0.8, 600, 0, 0, 0, 190, 0, 0
44.25,0, 0, 3243.53, 0, 0, 0, 0, 0, -111.084, 0, 0, -1.61549, 0, 4.21, 0.0079, 0.8, 600, 0, 0, 0, 190, 0, 0
44.3,0, 0, 3237.97, 0, 0, 0, 0, 0, -111.164, 0, 0, -1.59883, 0, 4.21, 0.0079, 0.8, 600, 0, 0, 0, 190, 0, 0
44.35,0, 0, 3232.41, 0, 0, 0, 0, 0, -111.243, 0, 0, -1.58227, 0, 4.21, 0.0079, 0.8, 600, 0, 0, 0, 190, 0, 0
44.4,0, 0, 3226.84, 0, 0, 0, 0, 0, -111.321, 0, 0, -1.56581, 0, 4.21, 0.0079, 0.8, 600, 0, 0, 0, 190, 0, 0
44.45,0, 0, 3221.27, 0, 0, 0, 0, 0, -111.399, 0, 0, -1.54944, 0, 4.21, 0.0079, 0.8, 600, 0, 0, 0, 190, 0, 0
44.5,0, 0, 3215.7, 0, 0, 0, 0, 0, -111.475, 0, 0, -1.53317, 0, 4.21, 0.0079, 0.8, 600, 0, 0, 0, 190, 0, 0
44.55,0, 0, 3210.12, 0, 0, 0, 0, 0, -111.551, 0, 0, -1.51699, 0, 4.21, 0.0079, 0.8, 600, 0, 0, 0, 190, 0, 0
44.6,0, 0, 3204.54, 0, 0, 0, 0, 0, -111.626, 0, 0, -1.50091, 0, 4.21, 0.0079, 0.8, 600, 0, 0, 0, 190, 0, 0
44.65,0, 0, 3198.95, 0, 0, 0, 0, 0, -111.701, 0, 0, -1.48492, 0, 4.21, 0.0079, 0.8, 600, 0, 0, 0, 190, 0, 0
44.7,0, 0, 3193.36, 0, 0, 0, 0, 0, -111.774, 0, 0, -1.46902, 0, 4.21, 0.0079, 0.8, 600, 0, 0, 0, 190, 0, 0
44.75,0, 0, 3187.77, 0, 0, 0, 0, 0, -111.847, 0, 0, -1.45321, 0, 4.21, 0.0079, 0.8, 600, 0, 0, 0, 190, 0, 0
44.8,0, 0, 3182.18, 0, 0, 0, 0, 0, -111.919, 0, 0, -1.4375, 0, 4.21, 0.0079, 0.8, 600, 0, 0, 0, 190, 0, 0
44.85,0, 0, 3176.58, 0, 0, 0, 0, 0, -111.99, 0, 0, -1.42189, 0, 4.21, 0.0079, 0.8, 600, 0, 0, 0, 190, 0, 0
44.9,0, 0, 3170.97, 0, 0, 0, 0, 0, -112.06, 0, 0, -1.40636, 0, 4.21, 0.0079, 0.8, 600, 0, 0, 0, 190, 0, 0
44.95,0, 0, 3165.37, 0, 0, 0, 0, 0, -112.13, 0, 0, -1.39093, 0, 4.21, 0.0079, 0.8, 600, 0, 0, 0, 190, 0, 0
45,0, 0, 3159.76, 0, 0, 0, 0, 0, -112.198, 0, 0, -1.37559, 0, 4.21, 0.0079, 0.8, 600, 0, 0, 0, 190, 0, 0
45.05,0, 0, 3154.14, 0, 0, 0, 0, 0, -112.266, 0, 0, -1.36034, 0, 4.21, 0.0079, 0.8, 600, 0, 0, 0, 190, 0, 0
45.1,0, 0, 3148.53, 0, 0, 0, 0, 0, -112.334, 0, 0, -1.34518, 0, 4.21, 0.0079, 0.8, 600, 0, 0, 0, 190, 0, 0
45.15,0, 0, 3142.91, 0, 0, 0, 0, 0, -112.4, 0, 0, -1.33011, 0, 4.21, 0.0079, 0.8, 600, 0, 0, 0, 190, 0, 0
45.2,0, 0, 3137.28, 0, 0, 0, 0, 0, -112.466, 0, 0, -1.31514, 0, 4.21, 0.0079, 0.8, 600, 0, 0, 0, 190, 0, 0
45.25,0, 0, 3131.66, 0, 0, 0, 0, 0, -112.531, 0, 0, -1.30025, 0, 4.21, 0.0079, 0.8, 600, 0, 0, 0, 190, 0, 0
45.3,0, 0, 3126.03, 0, 0, 0, 0, 0, -112.595, 0, 0, -1.28546, 0, 4.21, 0.0079, 0.8, 600, 0, 0, 0, 190, 0, 0
45.35,0, 0, 3120.4, 0, 0, 0, 0, 0, -112.659, 0, 0, -1.27075, 0, 4.21, 0.0079, 0.8, 600, 0, 0, 0, 190, 0, 0
45.4,0, 0, 3114.76, 0, 0, 0, 0, 0, -112.721, 0, 0, -1.25614, 0, 4.21, 0.0079, 0.8, 600, 0, 0, 0, 190, 0, 0
45.45,0, 0, 3109.12, 0, 0, 0, 0, 0, -112.784, 0, 0, -1.24161, 0, 4.21, 0.0079, 0.8, 600, 0, 0, 0, 190, 0, 0
45.5,0, 0, 3103.48, 0, 0, 0, 0, 0, -112.845, 0, 0, -1.22717, 0, 4.21, 0.0079, 0.8, 600, 0, 0, 0, 190, 0, 0
45.55,0, 0, 3097.83, 0, 0, 0, 0, 0, -112.906, 0, 0, -1.21283, 0, 4.21, 0.0079, 0.8, 600, 0, 0, 0, 190, 0, 0
45.6,0, 0, 3092.18, 0, 0, 0, 0, 0, -112.965, 0, 0, -1.19857, 0, 4.21, 0.0079, 0.8, 600, 0, 0, 0, 190, 0, 0
45.65,0, 0, 3086.53, 0, 0, 0, 0, 0, -113.025, 0, 0, -1.1844, 0, 4.21, 0.0079, 0.8, 600, 0, 0, 0, 190, 0, 0
45.7,0, 0, 3080.88, 0, 0, 0, 0, 0, -113.083, 0, 0, -1.17031, 0, 4.21, 0.0079, 0.8, 600, 0, 0, 0, 190, 0, 0
45.75,0, 0, 3075.22, 0, 0, 0, 0, 0, -113.141, 0, 0, -1.15632, 0, 4.21, 0.0079, 0.8, 600, 0, 0, 0, 190, 0, 0
45.8,0, 0, 3069.56, 0, 0, 0, 0, 0, -113.198, 0, 0, -1.14241, 0, 4.21, 0.0079, 0.8, 600, 0, 0, 0, 190, 0, 0
45.85,0, 0, 3063.9, 0, 0, 0, 0, 0, -113.255, 0, 0, -1.12859, 0, 4.21, 0.0079, 0.8, 600, 0, 0, 0, 190, 0, 0
45.9,0, 0, 3058.23, 0, 0, 0, 0, 0, -113.31, 0, 0, -1.11485, 0, 4.21, 0.0079, 0.8, 600, 0, 0, 0, 190, 0, 0
45.95,0, 0, 3052.57, 0, 0, 0, 0, 0, -113.365, 0, 0, -1.10121, 0, 4.21, 0.0079, 0.8, 600, 0, 0, 0, 190, 0, 0
46,0, 0, 3046.89, 0, 0, 0, 0, 0, -113.42, 0, 0, -1.08764, 0, 4.21, 0.0079, 0.8, 600, 0, 0, 0, 190, 0, 0
46.05,0, 0, 3041.22, 0, 0, 0, 0, 0, -113.473, 0, 0, -1.07417, 0, 4.21, 0.0079, 0.8, 600, 0, 0, 0, 190, 0, 0
46.1,0, 0, 3035.54, 0, 0, 0, 0, 0, -113.527, 0, 0, -1.06078, 0, 4.21, 0.0079, 0.8, 600, 0, 0, 0, 190, 0, 0
46.15,0, 0, 3029.87, 0, 0, 0, 0, 0, -113.579, 0, 0, -1.04747, 0, 4.21, 0.0079, 0.8, 600, 0, 0, 0, 190, 0, 0
46.2,0, 0, 3024.18, 0, 0, 0, 0, 0, -113.631, 0, 0, -1.03425, 0, 4.21, 0.0079, 0.8, 600, 0, 0, 0, 190, 0, 0
46.25,0, 0, 3018.5, 0, 0, 0, 0, 0, -113.682, 0, 0, -1.02111, 0, 4.21, 0.0079, 0.8, 600, 0, 0, 0, 190, 0, 0
46.3,0, 0, 3012.81, 0, 0, 0, 0, 0, -113.732, 0, 0, -1.00806, 0, 4.21, 0.0079, 0.8, 600, 0, 0, 0, 190, 0, 0
46.35,0, 0, 3007.12, 0, 0, 0, 0, 0, -113.782, 0, 0, -0.995092, 0, 4.21, 0.0079, 0.8, 600, 0, 0, 0, 190, 0, 0
46.4,0, 0, 3001.43, 0, 0, 0, 0, 0, -113.831, 0, 0, -0.982206, 0, 4.21, 0.0079, 0.8, 600, 0, 0, 0, 190, 0, 0
46.45,0, 0, 2995.74, 0, 0, 0, 0, 0, -113.879, 0, 0, -0.969404, 0, 4.21, 0.0079, 0.8, 600, 0, 0, 0, 190, 0, 0
46.5,0, 0, 2990.04, 0, 0, 0, 0, 0, -113.927, 0, 0, -0.956684, 0, 4.21, 0.0079, 0.8, 600, 0, 0, 0, 190, 0, 0
46.55,0, 0, 2984.34, 0, 0, 0, 0, 0, -113.974, 0, 0, -0.944047, 0, 4.21, 0.0079, 0.8, 600, 0, 0, 0, 190, 0, 0
46.6,0, 0, 2978.64, 0, 0, 0, 0, 0, -114.021, 0, 0, -0.931492, 0, 4.21, 0.0079, 0.8, 600, 0, 0, 0, 190, 0, 0
46.65,0, 0, 2972.94, 0, 0, 0, 0, 0, -114.067, 0, 0, -0.919019, 0, 4.21, 0.0079, 0.8, 600, 0, 0, 0, 190, 0, 0
46.7,0, 0, 2967.23, 0, 0, 0, 0, 0, -114.112, 0, 0, -0.906627, 0, 4.21, 0.0079, 0.8, 600, 0, 0, 0, 190, 0, 0
46.75,0, 0, 2961.53, 0, 0, 0, 0, 0, -114.157, 0, 0, -0.894316, 0, 4.21, 0.0079, 0.8, 600, 0, 0, 0, 190, 0, 0
46.8,0, 0, 2955.82, 0, 0, 0, 0, 0, -114.201, 0, 0, -0.882086, 0, 4.21, 0.0079, 0.8, 600, 0, 0, 0, 190, 0, 0
46.85,0, 0, 2950.1, 0, 0, 0, 0, 0, -114.245, 0, 0, -0.869936, 0, 4.21, 0.0079, 0.8, 600, 0, 0, 0, 190, 0, 0
46.9,0, 0, 2944.39, 0, 0, 0, 0, 0, -114.288, 0, 0, -0.857867, 0, 4.21, 0.0079, 0.8, 600, 0, 0, 0, 190, 0, 0
46.95,0, 0, 2938.67, 0, 0, 0, 0, 0, -114.33, 0, 0, -0.845877, 0, 4.21, 0.0079, 0.8, 600, 0, 0, 0, 190, 0, 0
47,0, 0, 2932.95, 0, 0, 0, 0, 0, -114.371, 0, 0, -0.833966, 0, 4.21, 0.0079, 0.8, 600, 0, 0, 0, 190, 0, 0
47.05,0, 0, 2927.23, 0, 0, 0, 0, 0, -114.413, 0, 0, -0.822135, 0, 4.21, 0.0079, 0.8, 600, 0, 0, 0, 190, 0, 0
47.1,0, 0, 2921.51, 0, 0, 0, 0, 0, -114.453, 0, 0, -0.810382, 0, 4.21, 0.0079, 0.8, 600, 0, 0, 0, 190, 0, 0
47.15,0, 0, 2915.79, 0, 0, 0, 0, 0, -114.493, 0, 0, -0.798708, 0, 4.21, 0.0079, 0.8, 600, 0, 0, 0, 190, 0, 0
47.2,0, 0, 2910.06, 0, 0, 0, 0, 0, -114.532, 0, 0, -0.787111, 0, 4.21, 0.0079, 0.8, 600, 0, 0, 0, 190, 0, 0
47.25,0, 0, 2904.33, 0, 0, 0, 0, 0, -114.571, 0, 0, -0.775592, 0, 4.21, 0.0079, 0.8, 600, 0, 0, 0, 190, 0, 0
47.3,0, 0, 2898.6, 0, 0, 0, 0, 0, -114.609, 0, 0, -0.764151, 0, 4.21, 0.0079, 0.8, 600, 0, 0, 0, 190, 0, 0
47.35,0, 0, 2892.87, 0, 0, 0, 0, 0, -114.647, 0, 0, -0.752786, 0, 4.21, 0.0079, 0.8, 600, 0, 0, 0, 190, 0, 0
47.4,0, 0, 2887.13, 0, 0, 0, 0, 0, -114.684, 0, 0, -0.741499, 0, 4.21, 0.0079, 0.8, 600, 0, 0, 0, 190, 0, 0
47.45,0, 0, 2881.4, 0, 0, 0, 0, 0, -114.721, 0, 0, -0.730287, 0, 4.21, 0.0079, 0.8, 600, 0, 0, 0, 190, 0, 0
47.5,0, 0, 2875.66, 0, 0, 0, 0, 0, -114.757, 0, 0, -0.719151, 0, 4.21, 0.0079, 0.8, 600, 0, 0, 0, 190, 0, 0
47.55,0, 0, 2869.92, 0, 0, 0, 0, 0, -114.792, 0, 0, -0.708091, 0, 4.21, 0.0079, 0.8, 600, 0, 0, 0, 190, 0, 0
47.6,0, 0, 2864.18, 0, 0, 0, 0, 0, -114.827, 0, 0, -0.697106, 0, 4.21, 0.0079, 0.8, 600, 0, 0, 0, 190, 0, 0
47.65,0, 0, 2858.44, 0, 0, 0, 0, 0, -114.861, 0, 0, -0.686196, 0, 4.21, 0.0079, 0.8, 600, 0, 0, 0, 190, 0, 0
47.7,0, 0, 2852.69, 0, 0, 0, 0, 0, -114.895, 0, 0, -0.675361, 0, 4.21, 0.0079, 0.8, 600, 0, 0, 0, 190, 0, 0
47.75,0, 0, 2846.94, 0, 0, 0, 0, 0, -114.928, 0, 0, -0.664599, 0, 4.21, 0.0079, 0.8, 600, 0, 0, 0, 190, 0, 0
47.8,0, 0, 2841.2, 0, 0, 0, 0, 0, -114.961, 0, 0, -0.653912, 0, 4.21, 0.0079, 0.8, 600, 0, 0, 0, 190, 0, 0
47.85,0, 0, 2835.45, 0, 0, 0, 0, 0, -114.993, 0, 0, -0.643298, 0, 4.21, 0.0079, 0.8, 600, 0, 0, 0, 190, 0, 0
47.9,0, 0, 2829.7, 0, 0, 0, 0, 0, -115.025, 0, 0, -0.632757, 0, 4.21, 0.0079, 0.8, 600, 0, 0, 0, 190, 0, 0
47.95,0, 0, 2823.94, 0, 0, 0, 0, 0, -115.056, 0, 0, -0.622289, 0, 4.21, 0.0079, 0.8, 600, 0, 0, 0, 190, 0, 0
48,0, 0, 2818.19, 0, 0, 0, 0, 0, -115.086, 0, 0, -0.611893, 0, 4.21, 0.0079, 0.8, 600, 0, 0, 0, 190, 0, 0
48.05,0, 0, 2812.43, 0, 0, 0, 0, 0, -115.116, 0, 0, -0.601569, 0, 4.21, 0.0079, 0.8, 600, 0, 0, 0, 190, 0, 0
48.1,0, 0, 2806.68, 0, 0, 0, 0, 0, -115.146, 0, 0, -0.591318, 0, 4.21, 0.0079, 0.8, 600, 0, 0, 0, 190, 0, 0
48.15,0, 0, 2800.92, 0, 0, 0, 0, 0, -115.175, 0, 0, -0.581137, 0, 4.21, 0.0079, 0.8, 600, 0, 0, 0, 190, 0, 0
48.2,0, 0, 2795.16, 0, 0, 0, 0, 0, -115.204, 0, 0, -0.571027, 0, 4.21, 0.0079, 0.8, 600, 0, 0, 0, 190, 0, 0
48.25,0, 0, 2789.4, 0, 0, 0, 0, 0, -115.232, 0, 0, -0.560989, 0, 4.21, 0.0079, 0.8, 600, 0, 0, 0, 190, 0, 0
48.3,0, 0, 2783.63, 0, 0, 0, 0, 0, -115.259, 0, 0, -0.55102, 0, 4.21, 0.0079, 0.8, 600, 0, 0, 0, 190, 0, 0
48.35,0, 0, 2777.87, 0, 0, 0, 0, 0, -115.286, 0, 0, -0.541122, 0, 4.21, 0.0079, 0.8, 600, 0, 0, 0, 190, 0, 0
48.4,0, 0, 2772.1, 0, 0, 0, 0, 0, -115.313, 0, 0, -0.531293, 0, 4.21, 0.0079, 0.8, 600, 0, 0, 0, 190, 0, 0
48.45,0, 0, 2766.34, 0, 0, 0, 0, 0, -115.339, 0, 0, -0.521533, 0, 4.21, 0.0079, 0.8, 600, 0, 0, 0, 190, 0, 0
48.5,0, 0, 2760.57, 0, 0, 0, 0, 0, -115.365, 0, 0, -0.511842, 0, 4.21, 0.0079, 0.8, 600, 0, 0, 0, 190, 0, 0
48.55,0, 0, 2754.8, 0, 0, 0, 0, 0, -115.39, 0, 0, -0.50222, 0, 4.21, 0.0079, 0.8, 600, 0, 0, 0, 190, 0, 0
48.6,0, 0, 2749.03, 0, 0, 0, 0, 0, -115.414, 0, 0, -0.492666, 0, 4.21, 0.0079, 0.8, 600, 0, 0, 0, 190, 0, 0
48.65,0, 0, 2743.25, 0, 0, 0, 0, 0, -115.438, 0, 0, -0.48318, 0, 4.21, 0.0079, 0.8, 600, 0, 0, 0, 190, 0, 0
48.7,0, 0, 2737.48, 0, 0, 0, 0, 0, -115.462, 0, 0, -0.473761, 0, 4.21, 0.0079, 0.8, 600, 0, 0, 0, 190, 0, 0
48.75,0, 0, 2731.71, 0, 0, 0, 0, 0, -115.485, 0, 0, -0.46441, 0, 4.21, 0.0079, 0.8, 600, 0, 0, 0, 190, 0, 0
48.8,0, 0, 2725.93, 0, 0, 0, 0, 0, -115.508, 0, 0, -0.455125, 0, 4.21, 0.0079, 0.8, 600, 0, 0, 0, 190, 0, 0
48.85,0, 0, 2720.16, 0, 0, 0, 0, 0, -115.53, 0, 0, -0.445907, 0, 4.21, 0.0079, 0.8, 600, 0, 0, 0, 190, 0, 0
48.9,0, 0, 2714.38, 0, 0, 0, 0, 0, -115.552, 0, 0, -0.436755, 0, 4.21, 0.0079, 0.8, 600, 0, 0, 0, 190, 0, 0
48.95,0, 0, 2708.6, 0, 0, 0, 0, 0, -115.574, 0, 0, -0.427669, 0, 4.21, 0.0079, 0.8, 600, 0, 0, 0, 190, 0, 0
49,0, 0, 2702.82, 0, 0, 0, 0, 0, -115.595, 0, 0, -0.418649, 0, 4.21, 0.0079, 0.8, 600, 0, 0, 0, 190, 0, 0
49.05,0, 0, 2697.04, 0, 0, 0, 0, 0, -115.615, 0, 0, -0.409693, 0, 4.21, 0.0079, 0.8, 600, 0, 0, 0, 190, 0, 0
49.1,0, 0, 2691.26, 0, 0, 0, 0, 0, -115.635, 0, 0, -0.400802, 0, 4.21, 0.0079, 0.8, 600, 0, 0, 0, 190, 0, 0
49.15,0, 0, 2685.47, 0, 0, 0, 0, 0, -115.655, 0, 0, -0.391976, 0, 4.21, 0.0079, 0.8, 600, 0, 0, 0, 190, 0, 0
49.2,0, 0, 2679.69, 0, 0, 0, 0, 0, -115.674, 0, 0, -0.383213, 0, 4.21, 0.0079, 0.8, 600, 0, 0, 0, 190, 0, 0
49.25,0, 0, 2673.91, 0, 0, 0, 0, 0, -115.693, 0, 0, -0.374514, 0, 4.21, 0.0079, 0.8, 600, 0, 0, 0, 190, 0, 0
49.3,0, 0, 2668.12, 0, 0, 0, 0, 0, -115.711, 0, 0, -0.365879, 0, 4.21, 0.0079, 0.8, 600, 0, 0, 0, 190, 0, 0
49.35,0, 0, 2662.33, 0, 0, 0, 0, 0, -115.729, 0, 0, -0.357307, 0, 4.21, 0.0079, 0.8, 600, 0, 0, 0, 190, 0, 0
49.4,0, 0, 2656.55, 0, 0, 0, 0, 0, -115.746, 0, 0, -0.348797, 0, 4.21, 0.0079, 0.8, 600, 0, 0, 0, 190, 0, 0
49.45,0, 0, 2650.76, 0, 0, 0, 0, 0, -115.763, 0, 0, -0.34035, 0, 4.21, 0.0079, 0.8, 600, 0, 0, 0, 190, 0, 0
49.5,0, 0, 2644.97, 0, 0, 0, 0, 0, -115.78, 0, 0, -0.331965, 0, 4.21, 0.0079, 0.8, 600, 0, 0, 0, 190, 0, 0
49.55,0, 0, 2639.18, 0, 0, 0, 0, 0, -115.796, 0, 0, -0.323641, 0, 4.21, 0.0079, 0.8, 600, 0, 0, 0, 190, 0, 0
49.6,0, 0, 2633.39, 0, 0, 0, 0, 0, -115.812, 0, 0, -0.315379, 0, 4.21, 0.0079, 0.8, 600, 0, 0, 0, 190, 0, 0
49.65,0, 0, 2627.6, 0, 0, 0, 0, 0, -115.827, 0, 0, -0.307177, 0, 4.21, 0.0079, 0.8, 600, 0, 0, 0, 190, 0, 0
49.7,0, 0, 2621.81, 0, 0, 0, 0, 0, -115.842, 0, 0, -0.299037, 0, 4.21, 0.0079, 0.8, 600, 0, 0, 0, 190, 0, 0
49.75,0, 0, 2616.01, 0, 0, 0, 0, 0, -115.857, 0, 0, -0.290957, 0, 4.21, 0.0079, 0.8, 600, 0, 0, 0, 190, 0, 0
49.8,0, 0, 2610.22, 0, 0, 0, 0, 0, -115.871, 0, 0, -0.282936, 0, 4.21, 0.0079, 0.8, 600, 0, 0, 0, 190, 0, 0
49.85,0, 0, 2604.43, 0, 0, 0, 0, 0, -115.884, 0, 0, -0.274975, 0, 4.21, 0.0079, 0.8, 600, 0, 0, 0, 190, 0, 0
49.9,0, 0, 2598.63, 0, 0, 0, 0, 0, -115.898, 0, 0, -0.267074, 0, 4.21, 0.0079, 0.8, 600, 0, 0, 0, 190, 0, 0
49.95,0, 0, 2592.83, 0, 0, 0, 0, 0, -115.911, 0, 0, -0.259232, 0, 4.21, 0.0079, 0.8, 600, 0, 0, 0, 190, 0, 0
50,0, 0, 2587.04, 0, 0, 0, 0, 0, -115.923, 0, 0, -0.251448, 0, 4.21, 0.0079, 0.8, 600, 0, 0, 0, 190, 0, 0
50.05,0, 0, 2581.24, 0, 0, 0, 0, 0, -115.936, 0, 0, -0.243722, 0, 4.21, 0.0079, 0.8, 600, 0, 0, 0, 190, 0, 0
50.1,0, 0, 2575.44, 0, 0, 0, 0, 0, -115.947, 0, 0, -0.236055, 0, 4.21, 0.0079, 0.8, 600, 0, 0, 0, 190, 0, 0
50.15,0, 0, 2569.65, 0, 0, 0, 0, 0, -115.959, 0, 0, -0.228445, 0, 4.21, 0.0079, 0.8, 600, 0, 0, 0, 190, 0, 0
50.2,0, 0, 2563.85, 0, 0, 0, 0, 0, -115.97, 0, 0, -0.220892, 0, 4.21, 0.0079, 0.8, 600, 0, 0, 0, 190, 0, 0
50.25,0, 0, 2558.05, 0, 0, 0, 0, 0, -115.98, 0, 0, -0.213397, 0, 4.21, 0.0079, 0.8, 600, 0, 0, 0, 190, 0, 0
50.3,0, 0, 2552.25, 0, 0, 0, 0, 0, -115.991, 0, 0, -0.205958, 0, 4.21, 0.0079, 0.8, 600, 0, 0, 0, 190, 0, 0
50.35,0, 0, 2546.45, 0, 0, 0, 0, 0, -116.001, 0, 0, -0.198575, 0, 4.21, 0.0079, 0.8, 600, 0, 0, 0, 190, 0, 0
50.4,0, 0, 2540.65, 0, 0, 0, 0, 0, -116.01, 0, 0, -0.191248, 0, 4.21, 0.0079, 0.8, 600, 0, 0, 0, 190, 0, 0
50.45,0, 0, 2534.85, 0, 0, 0, 0, 0, -116.019, 0, 0, -0.183977, 0, 4.21, 0.0079, 0.8, 600, 0, 0, 0, 190, 0, 0
50.5,0, 0, 2529.05, 0, 0, 0, 0, 0, -116.028, 0, 0, -0.176762, 0, 4.21, 0.0079, 0.8, 600, 0, 0, 0, 190, 0, 0
50.55,0, 0, 2523.24, 0, 0, 0, 0, 0, -116.037, 0, 0, -0.169601, 0, 4.21, 0.0079, 0.8, 600, 0, 0, 0, 190, 0, 0
50.6,0, 0, 2517.44, 0, 0, 0, 0, 0, -116.045, 0, 0, -0.162495, 0, 4.21, 0.0079, 0.8, 600, 0, 0, 0, 190, 0, 0
50.65,0, 0, 2511.64, 0, 0, 0, 0, 0, -116.053, 0, 0, -0.155444, 0, 4.21, 0.0079, 0.8, 600, 0, 0, 0, 190, 0, 0
50.7,0, 0, 2505.84, 0, 0, 0, 0, 0, -116.06, 0, 0, -0.148446, 0, 4.21, 0.0079, 0.8, 600, 0, 0, 0, 190, 0, 0
50.75,0, 0, 2500.03, 0, 0, 0, 0, 0, -116.067, 0, 0, -0.141502, 0, 4.21, 0.0079, 0.8, 600, 0, 0, 0, 190, 0, 0
50.8,0, 0, 2494.23, 0, 0, 0, 0, 0, -116.074, 0, 0, -0.134612, 0, 4.21, 0.0079, 0.8, 600, 0, 0, 0, 190, 0, 0
50.85,0, 0, 2488.43, 0, 0, 0, 0, 0, -116.08, 0, 0, -0.127775, 0, 4.21, 0.0079, 0.8, 600, 0, 0, 0, 190, 0, 0
50.9,0, 0, 2482.62, 0, 0, 0, 0, 0, -116.086, 0, 0, -0.12099, 0, 4.21, 0.0079, 0.8, 600, 0, 0, 0, 190, 0, 0
50.95,0, 0, 2476.82, 0, 0, 0, 0, 0, -116.092, 0, 0, -0.114258, 0, 4.21, 0.0079, 0.8, 600, 0, 0, 0, 190, 0, 0
51,0, 0, 2471.01, 0, 0, 0, 0, 0, -116.097, 0, 0, -0.107579, 0, 4.21, 0.0079, 0.8, 600, 0, 0, 0, 190, 0, 0
51.05,0, 0, 2465.21, 0, 0, 0, 0, 0, -116.102, 0, 0, -0.100951, 0, 4.21, 0.0079, 0.8, 600, 0, 0, 0, 190, 0, 0
51.1,0, 0, 2459.4, 0, 0, 0, 0, 0, -116.107, 0, 0, -0.0943741, 0, 4.21, 0.0079, 0.8, 600, 0, 0, 0, 190, 0, 0
51.15,0, 0, 2453.6, 0, 0, 0, 0, 0, -116.112, 0, 0, -0.0878488, 0, 4.21, 0.0079, 0.8, 600, 0, 0, 0, 190, 0, 0
51.2,0, 0, 2447.79, 0, 0, 0, 0, 0, -116.116, 0, 0, -0.0813744, 0, 4.21, 0.0079, 0.8, 600, 0, 0, 0, 190, 0, 0
51.25,0, 0, 2441.98, 0, 0, 0, 0, 0, -116.119, 0, 0, -0.0749507, 0, 4.21, 0.0079, 0.8, 600, 0, 0, 0, 190, 0, 0
51.3,0, 0, 2436.18, 0, 0, 0, 0, 0, -116.123, 0, 0, -0.0685772, 0, 4.21, 0.0079, 0.8, 600, 0, 0, 0, 190, 0, 0
51.35,0, 0, 2430.37, 0, 0, 0, 0, 0, -116.126, 0, 0, -0.0622537, 0, 4.21, 0.0079, 0.8, 600, 0, 0, 0, 190, 0, 0
51.4,0, 0, 2424.57, 0, 0, 0, 0, 0, -116.129, 0, 0, -0.0559798, 0, 4.21, 0.0079, 0.8, 600, 0, 0, 0, 190, 0, 0
51.45,0, 0, 2418.76, 0, 0, 0, 0, 0, -116.131, 0, 0, -0.0497553, 0, 4.21, 0.0079, 0.8, 600, 0, 0, 0, 190, 0, 0
51.5,0, 0, 2412.95, 0, 0, 0, 0, 0, -116.133, 0, 0, -0.0435799, 0, 4.21, 0.0079, 0.8, 600, 0, 0, 0, 190, 0, 0
51.55,0, 0, 2407.15, 0, 0, 0, 0, 0, -116.135, 0, 0, -0.0374533, 0, 4.21, 0.0079, 0.8, 600, 0, 0, 0, 190, 0, 0
51.6,0, 0, 2401.34, 0, 0, 0, 0, 0, -116.137, 0, 0, -0.0313751, 0, 4.21, 0.0079, 0.8, 600, 0, 0, 0, 190, 0, 0
51.65,0, 0, 2395.53, 0, 0, 0, 0, 0, -116.138, 0, 0, -0.025345, 0, 4.21, 0.0079, 0.8, 600, 0, 0, 0, 190, 0, 0
51.7,0, 0, 2389.72, 0, 0, 0, 0, 0, -116.139, 0, 0, -0.0193628, 0, 4.21, 0.0079, 0.8, 600, 0, 0, 0, 190, 0, 0
51.75,0, 0, 2383.92, 0, 0, 0, 0, 0, -116.14, 0, 0, -0.0134282, 0, 4.21, 0.0079, 0.8, 600, 0, 0, 0, 190, 0, 0
51.8,0, 0, 2378.11, 0, 0, 0, 0, 0, -116.14, 0, 0, -0.00754082, 0, 4.21, 0.0079, 0.8, 600, 0, 0, 0, 190, 0, 0
51.85,0, 0, 2372.3, 0, 0, 0, 0, 0, -116.14, 0, 0, -0.00170041, 0, 4.21, 0.0079, 0.8, 600, 0, 0, 0, 190, 0, 0
51.9,0, 0, 2366.5, 0, 0, 0, 0, 0, -116.14, 0, 0, 0.00409333, 0, 4.21, 0.0079, 0.8, 600, 0, 0, 0, 190, 0, 0
51.95,0, 0, 2360.69, 0, 0, 0, 0, 0, -116.14, 0, 0, 0.0098407, 0, 4.21, 0.0079, 0.8, 600, 0, 0, 0, 190, 0, 0
52,0, 0, 2354.88, 0, 0, 0, 0, 0, -116.139, 0, 0, 0.015542, 0, 4.21, 0.0079, 0.8, 600, 0, 0, 0, 190, 0, 0
52.05,0, 0, 2349.08, 0, 0, 0, 0, 0, -116.138, 0, 0, 0.0211975, 0, 4.21, 0.0079, 0.8, 600, 0, 0, 0, 190, 0, 0
52.1,0, 0, 2343.27, 0, 0, 0, 0, 0, -116.136, 0, 0, 0.0268075, 0, 4.21, 0.0079, 0.8, 600, 0, 0, 0, 190, 0, 0
52.15,0, 0, 2337.46, 0, 0, 0, 0, 0, -116.135, 0, 0, 0.0323722, 0, 4.21, 0.0079, 0.8, 600, 0, 0, 0, 190, 0, 0
52.2,0, 0, 2331.66, 0, 0, 0, 0, 0, -116.133, 0, 0, 0.0378921, 0, 4.21, 0.0079, 0.8, 600, 0, 0, 0, 190, 0, 0
52.25,0, 0, 2325.85, 0, 0, 0, 0, 0, -116.131, 0, 0, 0.0433673, 0, 4.21, 0.0079, 0.8, 600, 0, 0, 0, 190, 0, 0
52.3,0, 0, 2320.04, 0, 0, 0, 0, 0, -116.128, 0, 0, 0.0487982, 0, 4.21, 0.0079, 0.8, 600, 0, 0, 0, 190, 0, 0
52.35,0, 0, 2314.24, 0, 0, 0, 0, 0, -116.126, 0, 0, 0.054185, 0, 4.21, 0.0079, 0.8, 600, 0, 0, 0, 190, 0, 0
52.4,0, 0, 2308.43, 0, 0, 0, 0, 0, -116.123, 0, 0, 0.059528, 0, 4.21, 0.0079, 0.8, 600, 0, 0, 0, 190, 0, 0
52.45,0, 0, 2302.62, 0, 0, 0, 0, 0, -116.119, 0, 0, 0.0648275, 0, 4.21, 0.0079, 0.8, 600, 0, 0, 0, 190, 0, 0
52.5,0, 0, 2296.82, 0, 0, 0, 0, 0, -116.116, 0, 0, 0.0700837, 0, 4.21, 0.0079, 0.8, 600, 0, 0, 0, 190, 0, 0
52.55,0, 0, 2291.01, 0, 0, 0, 0, 0, -116.112, 0, 0, 0.0752971, 0, 4.21, 0.0079, 0.8, 600, 0, 0, 0, 190, 0, 0
52.6,0, 0, 2285.21, 0, 0, 0, 0, 0, -116.108, 0, 0, 0.0804677, 0, 4.21, 0.0079, 0.8, 600, 0, 0, 0, 190, 0, 0
52.65,0, 0, 2279.4, 0, 0, 0, 0, 0, -116.104, 0, 0, 0.085596, 0, 4.21, 0.0079, 0.8, 600, 0, 0, 0, 190, 0, 0
52.7,0, 0, 2273.6, 0, 0, 0, 0, 0, -116.099, 0, 0, 0.0906822, 0, 4.21, 0.0079, 0.8, 600, 0, 0, 0, 190, 0, 0
52.75,0, 0, 2267.79, 0, 0, 0, 0, 0, -116.094, 0, 0, 0.0957265, 0, 4.21, 0.0079, 0.8, 600, 0, 0, 0, 190, 0, 0
52.8,0, 0, 2261.99, 0, 0, 0, 0, 0, -116.089, 0, 0, 0.100729, 0, 4.21, 0.0079, 0.8, 600, 0, 0, 0, 190, 0, 0
52.85,0, 0, 2256.18, 0, 0, 0, 0, 0, -116.084, 0, 0, 0.105691, 0, 4.21, 0.0079, 0.8, 600, 0, 0, 0, 190, 0, 0
52.9,0, 0, 2250.38, 0, 0, 0, 0, 0, -116.079, 0, 0, 0.110611, 0, 4.21, 0.0079, 0.8, 600, 0, 0, 0, 190, 0, 0
52.95,0, 0, 2244.58, 0, 0, 0, 0, 0, -116.073, 0, 0, 0.115491, 0, 4.21, 0.0079, 0.8, 600, 0, 0, 0, 190, 0, 0
53,0, 0, 2238.77, 0, 0, 0, 0, 0, -116.067, 0, 0, 0.12033, 0, 4.21, 0.0079, 0.8, 600, 0, 0, 0, 190, 0, 0
53.05,0, 0, 2232.97, 0, 0, 0, 0, 0, -116.061, 0, 0, 0.125129, 0, 4.21, 0.0079, 0.8, 600, 0, 0, 0, 190, 0, 0
53.1,0, 0, 2227.17, 0, 0, 0, 0, 0, -116.054, 0, 0, 0.129888, 0, 4.21, 0.0079, 0.8, 600, 0, 0, 0, 190, 0, 0
53.15,0, 0, 2221.36, 0, 0, 0, 0, 0, -116.047, 0, 0, 0.134607, 0, 4.21, 0.0079, 0.8, 600, 0, 0, 0, 190, 0, 0
53.2,0, 0, 2215.56, 0, 0, 0, 0, 0, -116.04, 0, 0, 0.139287, 0, 4.21, 0.0079, 0.8, 600, 0, 0, 0, 190, 0, 0
53.25,0, 0, 2209.76, 0, 0, 0, 0, 0, -116.033, 0, 0, 0.143928, 0, 4.21, 0.0079, 0.8, 600, 0, 0, 0, 190, 0, 0
53.3,0, 0, 2203.96, 0, 0, 0, 0, 0, -116.026, 0, 0, 0.14853, 0, 4.21, 0.0079, 0.8, 600, 0, 0, 0, 190, 0, 0
53.35,0, 0, 2198.16, 0, 0, 0, 0, 0, -116.018, 0, 0, 0.153093, 0, 4.21, 0.0079, 0.8, 600, 0, 0, 0, 190, 0, 0
53.4,0, 0, 2192.36, 0, 0, 0, 0, 0, -116.01, 0, 0, 0.157618, 0, 4.21, 0.0079, 0.8, 600, 0, 0, 0, 190, 0, 0
53.45,0, 0, 2186.56, 0, 0, 0, 0, 0, -116.002, 0, 0, 0.162105, 0, 4.21, 0.0079, 0.8, 600, 0, 0, 0, 190, 0, 0
53.5,0, 0, 2180.76, 0, 0, 0, 0, 0, -115.994, 0, 0, 0.166554, 0, 4.21, 0.0079, 0.8, 600, 0, 0, 0, 190, 0, 0
53.55,0, 0, 2174.96, 0, 0, 0, 0, 0, -115.985, 0, 0, 0.170965, 0, 4.21, 0.0079, 0.8, 600, 0, 0, 0, 190, 0, 0
53.6,0, 0, 2169.16, 0, 0, 0, 0, 0, -115.976, 0, 0, 0.175339, 0, 4.21, 0.0079, 0.8, 600, 0, 0, 0, 190, 0, 0
53.65,0, 0, 2163.36, 0, 0, 0, 0, 0, -115.967, 0, 0, 0.179675, 0, 4.21, 0.0079, 0.8, 600, 0, 0, 0, 190, 0, 0
53.7,0, 0, 2157.56, 0, 0, 0, 0, 0, -115.958, 0, 0, 0.183975, 0, 4.21, 0.0079, 0.8, 600, 0, 0, 0, 190, 0, 0
53.75,0, 0, 2151.77, 0, 0, 0, 0, 0, -115.949, 0, 0, 0.188238, 0, 4.21, 0.0079, 0.8, 600, 0, 0, 0, 190, 0, 0
53.8,0, 0, 2145.97, 0, 0, 0, 0, 0, -115.939, 0, 0, 0.192465, 0, 4.21, 0.0079, 0.8, 600, 0, 0, 0, 190, 0, 0
53.85,0, 0, 2140.17, 0, 0, 0, 0, 0, -115.929, 0, 0, 0.196656, 0, 4.21, 0.0079, 0.8, 600, 0, 0, 0, 190, 0, 0
53.9,0, 0, 2134.38, 0, 0, 0, 0, 0, -115.919, 0, 0, 0.200811, 0, 4.21, 0.0079, 0.8, 600, 0, 0, 0, 190, 0, 0
53.95,0, 0, 2128.58, 0, 0, 0, 0, 0, -115.909, 0, 0, 0.20493, 0, 4.21, 0.0079, 0.8, 600, 0, 0, 0, 190, 0, 0
54,0, 0, 2122.79, 0, 0, 0, 0, 0, -115.899, 0, 0, 0.209014, 0, 4.21, 0.0079, 0.8, 600, 0, 0, 0, 190, 0, 0
54.05,0, 0, 2116.99, 0, 0, 0, 0, 0, -115.888, 0, 0, 0.213063, 0, 4.21, 0.0079, 0.8, 600, 0, 0, 0, 190, 0, 0
54.1,0, 0, 2111.2, 0, 0, 0, 0, 0, -115.877, 0, 0, 0.217077, 0, 4.21, 0.0079, 0.8, 600, 0, 0, 0, 190, 0, 0
54.15,0, 0, 2105.41, 0, 0, 0, 0, 0, -115.866, 0, 0, 0.221056, 0, 4.21, 0.0079, 0.8, 600, 0, 0, 0, 190, 0, 0
54.2,0, 0, 2099.61, 0, 0, 0, 0, 0, -115.855, 0, 0, 0.225001, 0, 4.21, 0.0079, 0.8, 600, 0, 0, 0, 190, 0, 0
54.25,0, 0, 2093.82, 0, 0, 0, 0, 0, -115.843, 0, 0, 0.228911, 0, 4.21, 0.0079, 0.8, 600, 0, 0, 0, 190, 0, 0
54.3,0, 0, 2088.03, 0, 0, 0, 0, 0, -115.832, 0, 0, 0.232788, 0, 4.21, 0.0079, 0.8, 600, 0, 0, 0, 190, 0, 0
54.35,0, 0, 2082.24, 0, 0, 0, 0, 0, -115.82, 0, 0, 0.236631, 0, 4.21, 0.0079, 0.8, 600, 0, 0, 0, 190, 0, 0
54.4,0, 0, 2076.45, 0, 0, 0, 0, 0, -115.808, 0, 0, 0.24044, 0, 4.21, 0.0079, 0.8, 600, 0, 0, 0, 190, 0, 0
54.45,0, 0, 2070.66, 0, 0, 0, 0, 0, -115.796, 0, 0, 0.244216, 0, 4.21, 0.0079, 0.8, 600, 0, 0, 0, 190, 0, 0
54.5,0, 0, 2064.87, 0, 0, 0, 0, 0, -115.783, 0, 0, 0.24796, 0, 4.21, 0.0079, 0.8, 600, 0, 0, 0, 190, 0, 0
54.55,0, 0, 2059.08, 0, 0, 0, 0, 0, -115.771, 0, 0, 0.25167, 0, 4.21, 0.0079, 0.8, 600, 0, 0, 0, 190, 0, 0
54.6,0, 0, 2053.29, 0, 0, 0, 0, 0, -115.758, 0, 0, 0.255348, 0, 4.21, 0.0079, 0.8, 600, 0, 0, 0, 190, 0, 0
54.65,0, 0, 2047.51, 0, 0, 0, 0, 0, -115.745, 0, 0, 0.258993, 0, 4.21, 0.0079, 0.8, 600, 0, 0, 0, 190, 0, 0
54.7,0, 0, 2041.72, 0, 0, 0, 0, 0, -115.732, 0, 0, 0.262606, 0, 4.21, 0.0079, 0.8, 600, 0, 0, 0, 190, 0, 0
54.75,0, 0, 2035.93, 0, 0, 0, 0, 0, -115.719, 0, 0, 0.266188, 0, 4.21, 0.0079, 0.8, 600, 0, 0, 0, 190, 0, 0
54.8,0, 0, 2030.15, 0, 0, 0, 0, 0, -115.705, 0, 0, 0.269738, 0, 4.21, 0.0079, 0.8, 600, 0, 0, 0, 190, 0, 0
54.85,0, 0, 2024.36, 0, 0, 0, 0, 0, -115.691, 0, 0, 0.273256, 0, 4.21, 0.0079, 0.8, 600, 0, 0, 0, 190, 0, 0
54.9,0, 0, 2018.58, 0, 0, 0, 0, 0, -115.678, 0, 0, 0.276743, 0, 4.21, 0.0079, 0.8, 600, 0, 0, 0, 190, 0, 0
54.95,0, 0, 2012.8, 0, 0, 0, 0, 0, -115.664, 0, 0, 0.280199, 0, 4.21, 0.0079, 0.8, 600, 0, 0, 0, 190, 0, 0
55,0, 0, 2007.01, 0, 0, 0, 0, 0, -115.649, 0, 0, 0.283625, 0, 4.21, 0.0079, 0.8, 600, 0, 0, 0, 190, 0, 0
55.05,0, 0, 2001.23, 0, 0, 0, 0, 0, -115.635, 0, 0, 0.28702, 0, 4.21, 0.0079, 0.8, 600, 0, 0, 0, 190, 0, 0
55.1,0, 0, 1995.45, 0, 0, 0, 0, 0, -115.62, 0, 0, 0.290384, 0, 4.21, 0.0079, 0.8, 600, 0, 0, 0, 190, 0, 0
55.15,0, 0, 1989.67, 0, 0, 0, 0, 0, -115.606, 0, 0, 0.293718, 0, 4.21, 0.0079, 0.8, 600, 0, 0, 0, 190, 0, 0
55.2,0, 0, 1983.89, 0, 0, 0, 0, 0, -115.591, 0, 0, 0.297023, 0, 4.21, 0.0079, 0.8, 600, 0, 0, 0, 190, 0, 0
55.25,0, 0, 1978.11, 0, 0, 0, 0, 0, -115.576, 0, 0, 0.300298, 0, 4.21, 0.0079, 0.8, 600, 0, 0, 0, 190, 0, 0
55.3,0, 0, 1972.33, 0, 0, 0, 0, 0, -115.561, 0, 0, 0.303543, 0, 4.21, 0.0079, 0.8, 600, 0, 0, 0, 190, 0, 0
55.35,0, 0, 1966.56, 0, 0, 0, 0, 0, -115.545, 0, 0, 0.306759, 0, 4.21, 0.0079, 0.8, 600, 0, 0, 0, 190, 0, 0
55.4,0, 0, 1960.78, 0, 0, 0, 0, 0, -115.53, 0, 0, 0.309946, 0, 4.21, 0.0079, 0.8, 600, 0, 0, 0, 190, 0, 0
55.45,0, 0, 1955, 0, 0, 0, 0, 0, -115.514, 0, 0, 0.313104, 0, 4.21, 0.0079, 0.8, 600, 0, 0, 0, 190, 0, 0
55.5,0, 0, 1949.23, 0, 0, 0, 0, 0, -115.498, 0, 0, 0.316233, 0, 4.21, 0.0079, 0.8, 600, 0, 0, 0, 190, 0, 0
55.55,0, 0, 1943.46, 0, 0, 0, 0, 0, -115.482, 0, 0, 0.319334, 0, 4.21, 0.0079, 0.8, 600, 0, 0, 0, 190, 0, 0
55.6,0, 0, 1937.68, 0, 0, 0, 0, 0, -115.466, 0, 0, 0.322407, 0, 4.21, 0.0079, 0.8, 600, 0, 0, 0, 190, 0, 0
55.65,0, 0, 1931.91, 0, 0, 0, 0, 0, -115.45, 0, 0, 0.325451, 0, 4.21, 0.0079, 0.8, 600, 0, 0, 0, 190, 0, 0
55.7,0, 0, 1926.14, 0, 0, 0, 0, 0, -115.434, 0, 0, 0.328468, 0, 4.21, 0.0079, 0.8, 600, 0, 0, 0, 190, 0, 0
55.75,0, 0, 1920.37, 0, 0, 0, 0, 0, -115.417, 0, 0, 0.331457, 0, 4.21, 0.0079, 0.8, 600, 0, 0, 0, 190, 0, 0
55.8,0, 0, 1914.6, 0, 0, 0, 0, 0, -115.4, 0, 0, 0.334419, 0, 4.21, 0.0079, 0.8, 600, 0, 0, 0, 190, 0, 0
55.85,0, 0, 1908.83, 0, 0, 0, 0, 0, -115.383, 0, 0, 0.337353, 0, 4.21, 0.0079, 0.8, 600, 0, 0, 0, 190, 0, 0
55.9,0, 0, 1903.06, 0, 0, 0, 0, 0, -115.366, 0, 0, 0.34026, 0, 4.21, 0.0079, 0.8, 600, 0, 0, 0, 190, 0, 0
55.95,0, 0, 1897.29, 0, 0, 0, 0, 0, -115.349, 0, 0, 0.343141, 0, 4.21, 0.0079, 0.8, 600, 0, 0, 0, 190, 0, 0
56,0, 0, 1891.53, 0, 0, 0, 0, 0, -115.332, 0, 0, 0.345995, 0, 4.21, 0.0079, 0.8, 600, 0, 0, 0, 190, 0, 0
56.05,0, 0, 1885.76, 0, 0, 0, 0, 0, -115.315, 0, 0, 0.348822, 0, 4.21, 0.0079, 0.8, 600, 0, 0, 0, 190, 0, 0
56.1,0, 0, 1879.99, 0, 0, 0, 0, 0, -115.297, 0, 0, 0.351623, 0, 4.21, 0.0079, 0.8, 600, 0, 0, 0, 190, 0, 0
56.15,0, 0, 1874.23, 0, 0, 0, 0, 0, -115.279, 0, 0, 0.354398, 0, 4.21, 0.0079, 0.8, 600, 0, 0, 0, 190, 0, 0
56.2,0, 0, 1868.47, 0, 0, 0, 0, 0, -115.261, 0, 0, 0.357147, 0, 4.21, 0.0079, 0.8, 600, 0, 0, 0, 190, 0, 0
56.25,0, 0, 1862.71, 0, 0, 0, 0, 0, -115.243, 0, 0, 0.359871, 0, 4.21, 0.0079, 0.8, 600, 0, 0, 0, 190, 0, 0
56.3,0, 0, 1856.94, 0, 0, 0, 0, 0, -115.225, 0, 0, 0.362569, 0, 4.21, 0.0079, 0.8, 600, 0, 0, 0, 190, 0, 0
56.35,0, 0, 1851.18, 0, 0, 0, 0, 0, -115.207, 0, 0, 0.365241, 0, 4.21, 0.0079, 0.8, 600, 0, 0, 0, 190, 0, 0
56.4,0, 0, 1845.42, 0, 0, 0, 0, 0, -115.189, 0, 0, 0.367889, 0, 4.21, 0.0079, 0.8, 600, 0, 0, 0, 190, 0, 0
56.45,0, 0, 1839.67, 0, 0, 0, 0, 0, -115.17, 0, 0, 0.370511, 0, 4.21, 0.0079, 0.8, 600, 0, 0, 0, 190, 0, 0
56.5,0, 0, 1833.91, 0, 0, 0, 0, 0, -115.151, 0, 0, 0.373109, 0, 4.21, 0.0079, 0.8, 600, 0, 0, 0, 190, 0, 0
56.55,0, 0, 1828.15, 0, 0, 0, 0, 0, -115.133, 0, 0, 0.375682, 0, 4.21, 0.0079, 0.8, 600, 0, 0, 0, 190, 0, 0
56.6,0, 0, 1822.4, 0, 0, 0, 0, 0, -115.114, 0, 0, 0.378231, 0, 4.21, 0.0079, 0.8, 600, 0, 0, 0, 190, 0, 0
56.65,0, 0, 1816.64, 0, 0, 0, 0, 0, -115.095, 0, 0, 0.380755, 0, 4.21, 0.0079, 0.8, 600, 0, 0, 0, 190, 0, 0
56.7,0, 0, 1810.89, 0, 0, 0, 0, 0, -115.076, 0, 0, 0.383256, 0, 4.21, 0.0079, 0.8, 600, 0, 0, 0, 190, 0, 0
56.75,0, 0, 1805.13, 0, 0, 0, 0, 0, -115.056, 0, 0, 0.385732, 0, 4.21, 0.0079, 0.8, 600, 0, 0, 0, 190, 0, 0
56.8,0, 0, 1799.38, 0, 0, 0, 0, 0, -115.037, 0, 0, 0.388185, 0, 4.21, 0.0079, 0.8, 600, 0, 0, 0, 190, 0, 0
56.85,0, 0, 1793.63, 0, 0, 0, 0, 0, -115.017, 0, 0, 0.390615, 0, 4.21, 0.0079, 0.8, 600, 0, 0, 0, 190, 0, 0
56.9,0, 0, 1787.88, 0, 0, 0, 0, 0, -114.998, 0, 0, 0.393021, 0, 4.21, 0.0079, 0.8, 600, 0, 0, 0, 190, 0, 0
56.95,0, 0, 1782.13, 0, 0, 0, 0, 0, -114.978, 0, 0, 0.395404, 0, 4.21, 0.0079, 0.8, 600, 0, 0, 0, 190, 0, 0
57,0, 0, 1776.39, 0, 0, 0, 0, 0, -114.958, 0, 0, 0.397763, 0, 4.21, 0.0079, 0.8, 600, 0, 0, 0, 190, 0, 0
57.05,0, 0, 1770.64, 0, 0, 0, 0, 0, -114.938, 0, 0, 0.4001, 0, 4.21, 0.0079, 0.8, 600, 0, 0, 0, 190, 0, 0
57.1,0, 0, 1764.89, 0, 0, 0, 0, 0, -114.918, 0, 0, 0.402415, 0, 4.21, 0.0079, 0.8, 600, 0, 0, 0, 190, 0, 0
57.15,0, 0, 1759.15, 0, 0, 0, 0, 0, -114.898, 0, 0, 0.404707, 0, 4.21, 0.0079, 0.8, 600, 0, 0, 0, 190, 0, 0
57.2,0, 0, 1753.4, 0, 0, 0, 0, 0, -114.877, 0, 0, 0.406976, 0, 4.21, 0.0079, 0.8, 600, 0, 0, 0, 190, 0, 0
57.25,0, 0, 1747.66, 0, 0, 0, 0, 0, -114.857, 0, 0, 0.409224, 0, 4.21, 0.0079, 0.8, 600, 0, 0, 0, 190, 0, 0
57.3,0, 0, 1741.92, 0, 0, 0, 0, 0, -114.836, 0, 0, 0.411449, 0, 4.21, 0.0079, 0.8, 600, 0, 0, 0, 190, 0, 0
57.35,0, 0, 1736.18, 0, 0, 0, 0, 0, -114.816, 0, 0, 0.413653, 0, 4.21, 0.0079, 0.8, 600, 0, 0, 0, 190, 0, 0
57.4,0, 0, 1730.44, 0, 0, 0, 0, 0, -114.795, 0, 0, 0.415835, 0, 4.21, 0.0079, 0.8, 600, 0, 0, 0, 190, 0, 0
57.45,0, 0, 1724.7, 0, 0, 0, 0, 0, -114.774, 0, 0, 0.417995, 0, 4.21, 0.0079, 0.8, 600, 0, 0, 0, 190, 0, 0
57.5,0, 0, 1718.96, 0, 0, 0, 0, 0, -114.753, 0, 0, 0.420134, 0, 4.21, 0.0079, 0.8, 600, 0, 0, 0, 190, 0, 0
57.55,0, 0, 1713.23, 0, 0, 0, 0, 0, -114.732, 0, 0, 0.422252, 0, 4.21, 0.0079, 0.8, 600, 0, 0, 0, 190, 0, 0
57.6,0, 0, 1707.49, 0, 0, 0, 0, 0, -114.711, 0, 0, 0.424349, 0, 4.21, 0.0079, 0.8, 600, 0, 0, 0, 190, 0, 0
57.65,0, 0, 1701.76, 0, 0, 0, 0, 0, -114.689, 0, 0, 0.426425, 0, 4.21, 0.0079, 0.8, 600, 0, 0, 0, 190, 0, 0
57.7,0, 0, 1696.02, 0, 0, 0, 0, 0, -114.668, 0, 0, 0.428481, 0, 4.21, 0.0079, 0.8, 600, 0, 0, 0, 190, 0, 0
57.75,0, 0, 1690.29, 0, 0, 0, 0, 0, -114.646, 0, 0, 0.430516, 0, 4.21, 0.0079, 0.8, 600, 0, 0, 0, 190, 0, 0
57.8,0, 0, 1684.56, 0, 0, 0, 0, 0, -114.625, 0, 0, 0.43253, 0, 4.21, 0.0079, 0.8, 600, 0, 0, 0, 190, 0, 0
57.85,0, 0, 1678.83, 0, 0, 0, 0, 0, -114.603, 0, 0, 0.434524, 0, 4.21, 0.0079, 0.8, 600, 0, 0, 0, 190, 0, 0
57.9,0, 0, 1673.1, 0, 0, 0, 0, 0, -114.581, 0, 0, 0.436499, 0, 4.21, 0.0079, 0.8, 600, 0, 0, 0, 190, 0, 0
57.95,0, 0, 1667.37, 0, 0, 0, 0, 0, -114.559, 0, 0, 0.438453, 0, 4.21, 0.0079, 0.8, 600, 0, 0, 0, 190, 0, 0
58,0, 0, 1661.64, 0, 0, 0, 0, 0, -114.537, 0, 0, 0.440387, 0, 4.21, 0.0079, 0.8, 600, 0, 0, 0, 190, 0, 0
58.05,0, 0, 1655.92, 0, 0, 0, 0, 0, -114.515, 0, 0, 0.442302, 0, 4.21, 0.0079, 0.8, 600, 0, 0, 0, 190, 0, 0
58.1,0, 0, 1650.19, 0, 0, 0, 0, 0, -114.493, 0, 0, 0.444198, 0, 4.21, 0.0079, 0.8, 600, 0, 0, 0, 190, 0, 0
58.15,0, 0, 1644.47, 0, 0, 0, 0, 0, -114.471, 0, 0, 0.446074, 0, 4.21, 0.0079, 0.8, 600, 0, 0, 0, 190, 0, 0
58.2,0, 0, 1638.75, 0, 0, 0, 0, 0, -114.448, 0, 0, 0.447931, 0, 4.21, 0.0079, 0.8, 600, 0, 0, 0, 190, 0, 0
58.25,0, 0, 1633.03, 0, 0, 0, 0, 0, -114.426, 0, 0, 0.449769, 0, 4.21, 0.0079, 0.8, 600, 0, 0, 0, 190, 0, 0
58.3,0, 0, 1627.31, 0, 0, 0, 0, 0, -114.403, 0, 0, 0.451588, 0, 4.21, 0.0079, 0.8, 600, 0, 0, 0, 190, 0, 0
58.35,0, 0, 1621.59, 0, 0, 0, 0, 0, -114.38, 0, 0, 0.453388, 0, 4.21, 0.0079, 0.8, 600, 0, 0, 0, 190, 0, 0
58.4,0, 0, 1615.87, 0, 0, 0, 0, 0, -114.358, 0, 0, 0.45517, 0, 4.21, 0.0079, 0.8, 600, 0, 0, 0, 190, 0, 0
58.45,0, 0, 1610.15, 0, 0, 0, 0, 0, -114.335, 0, 0, 0.456933, 0, 4.21, 0.0079, 0.8, 600, 0, 0, 0, 190, 0, 0
58.5,0, 0, 1604.44, 0, 0, 0, 0, 0, -114.312, 0, 0, 0.458678, 0, 4.21, 0.0079, 0.8, 600, 0, 0, 0, 190, 0, 0
58.55,0, 0, 1598.72, 0, 0, 0, 0, 0, -114.289, 0, 0, 0.460405, 0, 4.21, 0.0079, 0.8, 600, 0, 0, 0, 190, 0, 0
58.6,0, 0, 1593.01, 0, 0, 0, 0, 0, -114.266, 0, 0, 0.462114, 0, 4.21, 0.0079, 0.8, 600, 0, 0, 0, 190, 0, 0
58.65,0, 0, 1587.3, 0, 0, 0, 0, 0, -114.243, 0, 0, 0.463805, 0, 4.21, 0.0079, 0.8, 600, 0, 0, 0, 190, 0, 0
58.7,0, 0, 1581.59, 0, 0, 0, 0, 0, -114.219, 0, 0, 0.465478, 0, 4.21, 0.0079, 0.8, 600, 0, 0, 0, 190, 0, 0
58.75,0, 0, 1575.88, 0, 0, 0, 0, 0, -114.196, 0, 0, 0.467134, 0, 4.21, 0.0079, 0.8, 600, 0, 0, 0, 190, 0, 0
58.8,0, 0, 1570.17, 0, 0, 0, 0, 0, -114.173, 0, 0, 0.468772, 0, 4.21, 0.0079, 0.8, 600, 0, 0, 0, 190, 0, 0
58.85,0, 0, 1564.46, 0, 0, 0, 0, 0, -114.149, 0, 0, 0.470393, 0, 4.21, 0.0079, 0.8, 600, 0, 0, 0, 190, 0, 0
58.9,0, 0, 1558.75, 0, 0, 0, 0, 0, -114.125, 0, 0, 0.471997, 0, 4.21, 0.0079, 0.8, 600, 0, 0, 0, 190, 0, 0
58.95,0, 0, 1553.05, 0, 0, 0, 0, 0, -114.102, 0, 0, 0.473583, 0, 4.21, 0.0079, 0.8, 600, 0, 0, 0, 190, 0, 0
59,0, 0, 1547.35, 0, 0, 0, 0, 0, -114.078, 0, 0, 0.475153, 0, 4.21, 0.0079, 0.8, 600, 0, 0, 0, 190, 0, 0
59.05,0, 0, 1541.64, 0, 0, 0, 0, 0, -114.054, 0, 0, 0.476706, 0, 4.21, 0.0079, 0.8, 600, 0, 0, 0, 190, 0, 0
59.1,0, 0, 1535.94, 0, 0, 0, 0, 0, -114.03, 0, 0, 0.478242, 0, 4.21, 0.0079, 0.8, 600, 0, 0, 0, 190, 0, 0
59.15,0, 0, 1530.24, 0, 0, 0, 0, 0, -114.006, 0, 0, 0.479762, 0, 4.21, 0.0079, 0.8, 600, 0, 0, 0, 190, 0, 0
59.2,0, 0, 1524.54, 0, 0, 0, 0, 0, -113.982, 0, 0, 0.481265, 0, 4.21, 0.0079, 0.8, 600, 0, 0, 0, 190, 0, 0
59.25,0, 0, 1518.84, 0, 0, 0, 0, 0, -113.958, 0, 0, 0.482752, 0, 4.21, 0.0079, 0.8, 600, 0, 0, 0, 190, 0, 0
59.3,0, 0, 1513.15, 0, 0, 0, 0, 0, -113.934, 0, 0, 0.484223, 0, 4.21, 0.0079, 0.8, 600, 0, 0, 0, 190, 0, 0
59.35,0, 0, 1507.45, 0, 0, 0, 0, 0, -113.91, 0, 0, 0.485677, 0, 4.21, 0.0079, 0.8, 600, 0, 0, 0, 190, 0, 0
59.4,0, 0, 1501.76, 0, 0, 0, 0, 0, -113.885, 0, 0, 0.487116, 0, 4.21, 0.0079, 0.8, 600, 0, 0, 0, 190, 0, 0
59.45,0, 0, 1496.06, 0, 0, 0, 0, 0, -113.861, 0, 0, 0.48854, 0, 4.21, 0.0079, 0.8, 600, 0, 0, 0, 190, 0, 0
59.5,0, 0, 1490.37, 0, 0, 0, 0, 0, -113.836, 0, 0, 0.489947, 0, 4.21, 0.0079, 0.8, 600, 0, 0, 0, 190, 0, 0
59.55,0, 0, 1484.68, 0, 0, 0, 0, 0, -113.812, 0, 0, 0.491339, 0, 4.21, 0.0079, 0.8, 600, 0, 0, 0, 190, 0, 0
59.6,0, 0, 1478.99, 0, 0, 0, 0, 0, -113.787, 0, 0, 0.492716, 0, 4.21, 0.0079, 0.8, 600, 0, 0, 0, 190, 0, 0
59.65,0, 0, 1473.3, 0, 0, 0, 0, 0, -113.762, 0, 0, 0.494077, 0, 4.21, 0.0079, 0.8, 600, 0, 0, 0, 190, 0, 0
59.7,0, 0, 1467.62, 0, 0, 0, 0, 0, -113.738, 0, 0, 0.495423, 0, 4.21, 0.0079, 0.8, 600, 0, 0, 0, 190, 0, 0
59.75,0, 0, 1461.93, 0, 0, 0, 0, 0, -113.713, 0, 0, 0.496754, 0, 4.21, 0.0079, 0.8, 600, 0, 0, 0, 190, 0, 0
59.8,0, 0, 1456.25, 0, 0, 0, 0, 0, -113.688, 0, 0, 0.49807, 0, 4.21, 0.0079, 0.8, 600, 0, 0, 0, 190, 0, 0
59.85,0, 0, 1450.56, 0, 0, 0, 0, 0, -113.663, 0, 0, 0.499372, 0, 4.21, 0.0079, 0.8, 600, 0, 0, 0, 190, 0, 0
59.9,0, 0, 1444.88, 0, 0, 0, 0, 0, -113.638, 0, 0, 0.500659, 0, 4.21, 0.0079, 0.8, 600, 0, 0, 0, 190, 0, 0
59.95,0, 0, 1439.2, 0, 0, 0, 0, 0, -113.613, 0, 0, 0.501931, 0, 4.21, 0.0079, 0.8, 600, 0, 0, 0, 190, 0, 0
60,0, 0, 1433.52, 0, 0, 0, 0, 0, -113.588, 0, 0, 0.503188, 0, 4.21, 0.0079, 0.8, 600, 0, 0, 0, 190, 0, 0
60.05,0, 0, 1427.84, 0, 0, 0, 0, 0, -113.562, 0, 0, 0.504432, 0, 4.21, 0.0079, 0.8, 600, 0, 0, 0, 190, 0, 0
60.1,0, 0, 1422.17, 0, 0, 0, 0, 0, -113.537, 0, 0, 0.505661, 0, 4.21, 0.0079, 0.8, 600, 0, 0, 0, 190, 0, 0
60.15,0, 0, 1416.49, 0, 0, 0, 0, 0, -113.512, 0, 0, 0.506876, 0, 4.21, 0.0079, 0.8, 600, 0, 0, 0, 190, 0, 0
60.2,0, 0, 1410.82, 0, 0, 0, 0, 0, -113.486, 0, 0, 0.508077, 0, 4.21, 0.0079, 0.8, 600, 0, 0, 0, 190, 0, 0
60.25,0, 0, 1405.15, 0, 0, 0, 0, 0, -113.461, 0, 0, 0.509264, 0, 4.21, 0.0079, 0.8, 600, 0, 0, 0, 190, 0, 0
60.3,0, 0, 1399.47, 0, 0, 0, 0, 0, -113.435, 0, 0, 0.510438, 0, 4.21, 0.0079, 0.8, 600, 0, 0, 0, 190, 0, 0
60.35,0, 0, 1393.8, 0, 0, 0, 0, 0, -113.41, 0, 0, 0.511598, 0, 4.21, 0.0079, 0.8, 600, 0, 0, 0, 190, 0, 0
60.4,0, 0, 1388.13, 0, 0, 0, 0, 0, -113.384, 0, 0, 0.512744, 0, 4.21, 0.0079, 0.8, 600, 0, 0, 0, 190, 0, 0
60.45,0, 0, 1382.47, 0, 0, 0, 0, 0, -113.358, 0, 0, 0.513877, 0, 4.21, 0.0079, 0.8, 600, 0, 0, 0, 190, 0, 0
60.5,0, 0, 1376.8, 0, 0, 0, 0, 0, -113.333, 0, 0, 0.514996, 0, 4.21, 0.0079, 0.8, 600, 0, 0, 0, 190, 0, 0
60.55,0, 0, 1371.13, 0, 0, 0, 0, 0, -113.307, 0, 0, 0.516102, 0, 4.21, 0.0079, 0.8, 600, 0, 0, 0, 190, 0, 0
60.6,0, 0, 1365.47, 0, 0, 0, 0, 0, -113.281, 0, 0, 0.517195, 0, 4.21, 0.0079, 0.8, 600, 0, 0, 0, 190, 0, 0
60.65,0, 0, 1359.81, 0, 0, 0, 0, 0, -113.255, 0, 0, 0.518276, 0, 4.21, 0.0079, 0.8, 600, 0, 0, 0, 190, 0, 0
60.7,0, 0, 1354.15, 0, 0, 0, 0, 0, -113.229, 0, 0, 0.519343, 0, 4.21, 0.0079, 0.8, 600, 0, 0, 0, 190, 0, 0
60.75,0, 0, 1348.49, 0, 0, 0, 0, 0, -113.203, 0, 0, 0.520397, 0, 4.21, 0.0079, 0.8, 600, 0, 0, 0, 190, 0, 0
60.8,0, 0, 1342.83, 0, 0, 0, 0, 0, -113.177, 0, 0, 0.521439, 0, 4.21, 0.0079, 0.8, 600, 0, 0, 0, 190, 0, 0
60.85,0, 0, 1337.17, 0, 0, 0, 0, 0, -113.151, 0, 0, 0.522468, 0, 4.21, 0.0079, 0.8, 600, 0, 0, 0, 190, 0, 0
60.9,0, 0, 1331.51, 0, 0, 0, 0, 0, -113.125, 0, 0, 0.523485, 0, 4.21, 0.0079, 0.8, 600, 0, 0, 0, 190, 0, 0
60.95,0, 0, 1325.86, 0, 0, 0, 0, 0, -113.099, 0, 0, 0.524489, 0, 4.21, 0.0079, 0.8, 600, 0, 0, 0, 190, 0, 0
61,0, 0, 1320.2, 0, 0, 0, 0, 0, -113.072, 0, 0, 0.525481, 0, 4.21, 0.0079, 0.8, 600, 0, 0, 0, 190, 0, 0
61.05,0, 0, 1314.55, 0, 0, 0, 0, 0, -113.046, 0, 0, 0.526461, 0, 4.21, 0.0079, 0.8, 600, 0, 0, 0, 190, 0, 0
61.1,0, 0, 1308.9, 0, 0, 0, 0, 0, -113.02, 0, 0, 0.527428, 0, 4.21, 0.0079, 0.8, 600, 0, 0, 0, 190, 0, 0
61.15,0, 0, 1303.25, 0, 0, 0, 0, 0, -112.993, 0, 0, 0.528384, 0, 4.21, 0.0079, 0.8, 600, 0, 0, 0, 190, 0, 0
61.2,0, 0, 1297.6, 0, 0, 0, 0, 0, -112.967, 0, 0, 0.529328, 0, 4.21, 0.0079, 0.8, 600, 0, 0, 0, 190, 0, 0
61.25,0, 0, 1291.96, 0, 0, 0, 0, 0, -112.94, 0, 0, 0.53026, 0, 4.21, 0.0079, 0.8, 600, 0, 0, 0, 190, 0, 0
61.3,0, 0, 1286.31, 0, 0, 0, 0, 0, -112.914, 0, 0, 0.53118, 0, 4.21, 0.0079, 0.8, 600, 0, 0, 0, 190, 0, 0
61.35,0, 0, 1280.67, 0, 0, 0, 0, 0, -112.887, 0, 0, 0.532089, 0, 4.21, 0.0079, 0.8, 600, 0, 0, 0, 190, 0, 0
61.4,0, 0, 1275.02, 0, 0, 0, 0, 0, -112.86, 0, 0, 0.532986, 0, 4.21, 0.0079, 0.8, 600, 0, 0, 0, 190, 0, 0
61.45,0, 0, 1269.38, 0, 0, 0, 0, 0, -112.834, 0, 0, 0.533872, 0, 4.21, 0.0079, 0.8, 600, 0, 0, 0, 190, 0, 0
61.5,0, 0, 1263.74, 0, 0, 0, 0, 0, -112.807, 0, 0, 0.534746, 0, 4.21, 0.0079, 0.8, 600, 0, 0, 0, 190, 0, 0
61.55,0, 0, 1258.1, 0, 0, 0, 0, 0, -112.78, 0, 0, 0.53561, 0, 4.21, 0.0079, 0.8, 600, 0, 0, 0, 190, 0, 0
61.6,0, 0, 1252.46, 0, 0, 0, 0, 0, -112.753, 0, 0, 0.536462, 0, 4.21, 0.0079, 0.8, 600, 0, 0, 0, 190, 0, 0
61.65,0, 0, 1246.83, 0, 0, 0, 0, 0, -112.726, 0, 0, 0.537303, 0, 4.21, 0.0079, 0.8, 600, 0, 0, 0, 190, 0, 0
61.7,0, 0, 1241.19, 0, 0, 0, 0, 0, -112.7, 0, 0, 0.538133, 0, 4.21, 0.0079, 0.8, 600, 0, 0, 0, 190, 0, 0
61.75,0, 0, 1235.56, 0, 0, 0, 0, 0, -112.673, 0, 0, 0.538952, 0, 4.21, 0.0079, 0.8, 600, 0, 0, 0, 190, 0, 0
61.8,0, 0, 1229.93, 0, 0, 0, 0, 0, -112.646, 0, 0, 0.539761, 0, 4.21, 0.0079, 0.8, 600, 0, 0, 0, 190, 0, 0
61.85,0, 0, 1224.3, 0, 0, 0, 0, 0, -112.619, 0, 0, 0.540558, 0, 4.21, 0.0079, 0.8, 600, 0, 0, 0, 190, 0, 0
61.9,0, 0, 1218.67, 0, 0, 0, 0, 0, -112.591, 0, 0, 0.541345, 0, 4.21, 0.0079, 0.8, 600, 0, 0, 0, 190, 0, 0
61.95,0, 0, 1213.04, 0, 0, 0, 0, 0, -112.564, 0, 0, 0.542122, 0, 4.21, 0.0079, 0.8, 600, 0, 0, 0, 190, 0, 0
62,0, 0, 1207.41, 0, 0, 0, 0, 0, -112.537, 0, 0, 0.542888, 0, 4.21, 0.0079, 0.8, 600, 0, 0, 0, 190, 0, 0
62.05,0, 0, 1201.79, 0, 0, 0, 0, 0, -112.51, 0, 0, 0.543644, 0, 4.21, 0.0079, 0.8, 600, 0, 0, 0, 190, 0, 0
62.1,0, 0, 1196.16, 0, 0, 0, 0, 0, -112.483, 0, 0, 0.54439, 0, 4.21, 0.0079, 0.8, 600, 0, 0, 0, 190, 0, 0
62.15,0, 0, 1190.54, 0, 0, 0, 0, 0, -112.456, 0, 0, 0.545126, 0, 4.21, 0.0079, 0.8, 600, 0, 0, 0, 190, 0, 0
62.2,0, 0, 1184.92, 0, 0, 0, 0, 0, -112.428, 0, 0, 0.545851, 0, 4.21, 0.0079, 0.8, 600, 0, 0, 0, 190, 0, 0
62.25,0, 0, 1179.3, 0, 0, 0, 0, 0, -112.401, 0, 0, 0.546567, 0, 4.21, 0.0079, 0.8, 600, 0, 0, 0, 190, 0, 0
62.3,0, 0, 1173.68, 0, 0, 0, 0, 0, -112.374, 0, 0, 0.547272, 0, 4.21, 0.0079, 0.8, 600, 0, 0, 0, 190, 0, 0
62.35,0, 0, 1168.06, 0, 0, 0, 0, 0, -112.346, 0, 0, 0.547968, 0, 4.21, 0.0079, 0.8, 600, 0, 0, 0, 190, 0, 0
62.4,0, 0, 1162.45, 0, 0, 0, 0, 0, -112.319, 0, 0, 0.548654, 0, 4.21, 0.0079, 0.8, 600, 0, 0, 0, 190, 0, 0
62.45,0, 0, 1156.83, 0, 0, 0, 0, 0, -112.291, 0, 0, 0.54933, 0, 4.21, 0.0079, 0.8, 600, 0, 0, 0, 190, 0, 0
62.5,0, 0, 1151.22, 0, 0, 0, 0, 0, -112.264, 0, 0, 0.549997, 0, 4.21, 0.0079, 0.8, 600, 0, 0, 0, 190, 0, 0
62.55,0, 0, 1145.61, 0, 0, 0, 0, 0, -112.236, 0, 0, 0.550654, 0, 4.21, 0.0079, 0.8, 600, 0, 0, 0, 190, 0, 0
62.6,0, 0, 1140, 0, 0, 0, 0, 0, -112.209, 0, 0, 0.551302, 0, 4.21, 0.0079, 0.8, 600, 0, 0, 0, 190, 0, 0
62.65,0, 0, 1134.39, 0, 0, 0, 0, 0, -112.181, 0, 0, 0.551941, 0, 4.21, 0.0079, 0.8, 600, 0, 0, 0, 190, 0, 0
62.7,0, 0, 1128.78, 0, 0, 0, 0, 0, -112.153, 0, 0, 0.55257, 0, 4.21, 0.0079, 0.8, 600, 0, 0, 0, 190, 0, 0
62.75,0, 0, 1123.17, 0, 0, 0, 0, 0, -112.126, 0, 0, 0.55319, 0, 4.21, 0.0079, 0.8, 600, 0, 0, 0, 190, 0, 0
62.8,0, 0, 1117.57, 0, 0, 0, 0, 0, -112.098, 0, 0, 0.553801, 0, 4.21, 0.0079, 0.8, 600, 0, 0, 0, 190, 0, 0
62.85,0, 0, 1111.96, 0, 0, 0, 0, 0, -112.07, 0, 0, 0.554403, 0, 4.21, 0.0079, 0.8, 600, 0, 0, 0, 190, 0, 0
62.9,0, 0, 1106.36, 0, 0, 0, 0, 0, -112.043, 0, 0, 0.554996, 0, 4.21, 0.0079, 0.8, 600, 0, 0, 0, 190, 0, 0
62.95,0, 0, 1100.76, 0, 0, 0, 0, 0, -112.015, 0, 0, 0.55558, 0, 4.21, 0.0079, 0.8, 600, 0, 0, 0, 190, 0, 0
63,0, 0, 1095.16, 0, 0, 0, 0, 0, -111.987, 0, 0, 0.556155, 0, 4.21, 0.0079, 0.8, 600, 0, 0, 0, 190, 0, 0
63.05,0, 0, 1089.56, 0, 0, 0, 0, 0, -111.959, 0, 0, 0.556722, 0, 4.21, 0.0079, 0.8, 600, 0, 0, 0, 190, 0, 0
63.1,0, 0, 1083.97, 0, 0, 0, 0, 0, -111.931, 0, 0, 0.557279, 0, 4.21, 0.0079, 0.8, 600, 0, 0, 0, 190, 0, 0
63.15,0, 0, 1078.37, 0, 0, 0, 0, 0, -111.903, 0, 0, 0.557829, 0, 4.21, 0.0079, 0.8, 600, 0, 0, 0, 190, 0, 0
63.2,0, 0, 1072.78, 0, 0, 0, 0, 0, -111.876, 0, 0, 0.55837, 0, 4.21, 0.0079, 0.8, 600, 0, 0, 0, 190, 0, 0
63.25,0, 0, 1067.19, 0, 0, 0, 0, 0, -111.848, 0, 0, 0.558902, 0, 4.21, 0.0079, 0.8, 600, 0, 0, 0, 190, 0, 0
63.3,0, 0, 1061.6, 0, 0, 0, 0, 0, -111.82, 0, 0, 0.559426, 0, 4.21, 0.0079, 0.8, 600, 0, 0, 0, 190, 0, 0
63.35,0, 0, 1056.01, 0, 0, 0, 0, 0, -111.792, 0, 0, 0.559942, 0, 4.21, 0.0079, 0.8, 600, 0, 0, 0, 190, 0, 0
63.4,0, 0, 1050.42, 0, 0, 0, 0, 0, -111.764, 0, 0, 0.560449, 0, 4.21, 0.0079, 0.8, 600, 0, 0, 0, 190, 0, 0
63.45,0, 0, 1044.83, 0, 0, 0, 0, 0, -111.736, 0, 0, 0.560948, 0, 4.21, 0.0079, 0.8, 600, 0, 0, 0, 190, 0, 0
63.5,0, 0, 1039.25, 0, 0, 0, 0, 0, -111.708, 0, 0, 0.56144, 0, 4.21, 0.0079, 0.8, 600, 0, 0, 0, 190, 0, 0
63.55,0, 0, 1033.66, 0, 0, 0, 0, 0, -111.679, 0, 0, 0.561923, 0, 4.21, 0.0079, 0.8, 600, 0, 0, 0, 190, 0, 0
63.6,0, 0, 1028.08, 0, 0, 0, 0, 0, -111.651, 0, 0, 0.562398, 0, 4.21, 0.0079, 0.8, 600, 0, 0, 0, 190, 0, 0
63.65,0, 0, 1022.5, 0, 0, 0, 0, 0, -111.623, 0, 0, 0.562866, 0, 4.21, 0.0079, 0.8, 600, 0, 0, 0, 190, 0, 0
63.7,0, 0, 1016.92, 0, 0, 0, 0, 0, -111.595, 0, 0, 0.563325, 0, 4.21, 0.0079, 0.8, 600, 0, 0, 0, 190, 0, 0
63.75,0, 0, 1011.34, 0, 0, 0, 0, 0, -111.567, 0, 0, 0.563777, 0, 4.21, 0.0079, 0.8, 600, 0, 0, 0, 190, 0, 0
63.8,0, 0, 1005.76, 0, 0, 0, 0, 0, -111.539, 0, 0, 0.564221, 0, 4.21, 0.0079, 0.8, 600, 0, 0, 0, 190, 0, 0
63.85,0, 0, 1000.19, 0, 0, 0, 0, 0, -111.51, 0, 0, 0.564658, 0, 4.21, 0.0079, 0.8, 600, 0, 0, 0, 190, 0, 0
63.9,0, 0, 994.613, 0, 0, 0, 0, 0, -111.482, 0, 0, 0.565087, 0, 4.21, 0.0079, 0.8, 600, 0, 0, 0, 190, 0, 0
63.95,0, 0, 989.04, 0, 0, 0, 0, 0, -111.454, 0, 0, 0.565509, 0, 4.21, 0.0079, 0.8, 600, 0, 0, 0, 190, 0, 0
64,0, 0, 983.469, 0, 0, 0, 0, 0, -111.426, 0, 0, 0.565923, 0, 4.21, 0.0079, 0.8, 600, 0, 0, 0, 190, 0, 0
64.05,0, 0, 977.899, 0, 0, 0, 0, 0, -111.397, 0, 0, 0.56633, 0, 4.21, 0.0079, 0.8, 600, 0, 0, 0, 190, 0, 0
64.1,0, 0, 972.331, 0, 0, 0, 0, 0, -111.369, 0, 0, 0.566729, 0, 4.21, 0.0079, 0.8, 600, 0, 0, 0, 190, 0, 0
64.15,0, 0, 966.763, 0, 0, 0, 0, 0, -111.341, 0, 0, 0.567122, 0, 4.21, 0.0079, 0.8, 600, 0, 0, 0, 190, 0, 0
64.2,0, 0, 961.198, 0, 0, 0, 0, 0, -111.312, 0, 0, 0.567507, 0, 4.21, 0.0079, 0.8, 600, 0, 0, 0, 190, 0, 0
64.25,0, 0, 955.634, 0, 0, 0, 0, 0, -111.284, 0, 0, 0.567885, 0, 4.21, 0.0079, 0.8, 600, 0, 0, 0, 190, 0, 0
64.3,0, 0, 950.071, 0, 0, 0, 0, 0, -111.255, 0, 0, 0.568256, 0, 4.21, 0.0079, 0.8, 600, 0, 0, 0, 190, 0, 0
64.35,0, 0, 944.51, 0, 0, 0, 0, 0, -111.227, 0, 0, 0.56862, 0, 4.21, 0.0079, 0.8, 600, 0, 0, 0, 190, 0, 0
64.4,0, 0, 938.95, 0, 0, 0, 0, 0, -111.198, 0, 0, 0.568977, 0, 4.21, 0.0079, 0.8, 600, 0, 0, 0, 190, 0, 0
64.45,0, 0, 933.391, 0, 0, 0, 0, 0, -111.17, 0, 0, 0.569327, 0, 4.21, 0.0079, 0.8, 600, 0, 0, 0, 190, 0, 0
64.5,0, 0, 927.834, 0, 0, 0, 0, 0, -111.141, 0, 0, 0.569671, 0, 4.21, 0.0079, 0.8, 600, 0, 0, 0, 190, 0, 0
64.55,0, 0, 922.278, 0, 0, 0, 0, 0, -111.113, 0, 0, 0.570008, 0, 4.21, 0.0079, 0.8, 600, 0, 0, 0, 190, 0, 0
64.6,0, 0, 916.724, 0, 0, 0, 0, 0, -111.084, 0, 0, 0.570338, 0, 4.21, 0.0079, 0.8, 600, 0, 0, 0, 190, 0, 0
64.65,0, 0, 911.171, 0, 0, 0, 0, 0, -111.056, 0, 0, 0.570661, 0, 4.21, 0.0079, 0.8, 600, 0, 0, 0, 190, 0, 0
64.7,0, 0, 905.62, 0, 0, 0, 0, 0, -111.027, 0, 0, 0.570978, 0, 4.21, 0.0079, 0.8, 600, 0, 0, 0, 190, 0, 0
64.75,0, 0, 900.07, 0, 0, 0, 0, 0, -110.999, 0, 0, 0.571289, 0, 4.21, 0.0079, 0.8, 600, 0, 0, 0, 190, 0, 0
64.8,0, 0, 894.522, 0, 0, 0, 0, 0, -110.97, 0, 0, 0.571593, 0, 4.21, 0.0079, 0.8, 600, 0, 0, 0, 190, 0, 0
64.85,0, 0, 888.974, 0, 0, 0, 0, 0, -110.942, 0, 0, 0.57189, 0, 4.21, 0.0079, 0.8, 600, 0, 0, 0, 190, 0, 0
64.9,0, 0, 883.429, 0, 0, 0, 0, 0, -110.913, 0, 0, 0.572182, 0, 4.21, 0.0079, 0.8, 600, 0, 0, 0, 190, 0, 0
64.95,0, 0, 877.885, 0, 0, 0, 0, 0, -110.884, 0, 0, 0.572467, 0, 4.21, 0.0079, 0.8, 600, 0, 0, 0, 190, 0, 0
65,0, 0, 872.342, 0, 0, 0, 0, 0, -110.856, 0, 0, 0.572745, 0, 4.21, 0.0079, 0.8, 600, 0, 0, 0, 190, 0, 0
65.05,0, 0, 866.8, 0, 0, 0, 0, 0, -110.827, 0, 0, 0.573018, 0, 4.21, 0.0079, 0.8, 600, 0, 0, 0, 190, 0, 0
65.1,0, 0, 861.261, 0, 0, 0, 0, 0, -110.798, 0, 0, 0.573284, 0, 4.21, 0.0079, 0.8, 600, 0, 0, 0, 190, 0, 0
65.15,0, 0, 855.722, 0, 0, 0, 0, 0, -110.77, 0, 0, 0.573545, 0, 4.21, 0.0079, 0.8, 600, 0, 0, 0, 190, 0, 0
65.2,0, 0, 850.185, 0, 0, 0, 0, 0, -110.741, 0, 0, 0.573799, 0, 4.21, 0.0079, 0.8, 600, 0, 0, 0, 190, 0, 0
65.25,0, 0, 844.649, 0, 0, 0, 0, 0, -110.712, 0, 0, 0.574048, 0, 4.21, 0.0079, 0.8, 600, 0, 0, 0, 190, 0, 0
65.3,0, 0, 839.115, 0, 0, 0, 0, 0, -110.684, 0, 0, 0.574291, 0, 4.21, 0.0079, 0.8, 600, 0, 0, 0, 190, 0, 0
65.35,0, 0, 833.582, 0, 0, 0, 0, 0, -110.655, 0, 0, 0.574527, 0, 4.21, 0.0079, 0.8, 600, 0, 0, 0, 190, 0, 0
65.4,0, 0, 828.051, 0, 0, 0, 0, 0, -110.626, 0, 0, 0.574758, 0, 4.21, 0.0079, 0.8, 600, 0, 0, 0, 190, 0, 0
65.45,0, 0, 822.521, 0, 0, 0, 0, 0, -110.597, 0, 0, 0.574984, 0, 4.21, 0.0079, 0.8, 600, 0, 0, 0, 190, 0, 0
65.5,0, 0, 816.993, 0, 0, 0, 0, 0, -110.569, 0, 0, 0.575203, 0, 4.21, 0.0079, 0.8, 600, 0, 0, 0, 190, 0, 0
65.55,0, 0, 811.466, 0, 0, 0, 0, 0, -110.54, 0, 0, 0.575417, 0, 4.21, 0.0079, 0.8, 600, 0, 0, 0, 190, 0, 0
65.6,0, 0, 805.94, 0, 0, 0, 0, 0, -110.511, 0, 0, 0.575625, 0, 4.21, 0.0079, 0.8, 600, 0, 0, 0, 190, 0, 0
65.65,0, 0, 800.416, 0, 0, 0, 0, 0, -110.482, 0, 0, 0.575828, 0, 4.21, 0.0079, 0.8, 600, 0, 0, 0, 190, 0, 0
65.7,0, 0, 794.893, 0, 0, 0, 0, 0, -110.454, 0, 0, 0.576026, 0, 4.21, 0.0079, 0.8, 600, 0, 0, 0, 190, 0, 0
65.75,0, 0, 789.372, 0, 0, 0, 0, 0, -110.425, 0, 0, 0.576217, 0, 4.21, 0.0079, 0.8, 600, 0, 0, 0, 190, 0, 0
65.8,0, 0, 783.852, 0, 0, 0, 0, 0, -110.396, 0, 0, 0.576404, 0, 4.21, 0.0079, 0.8, 600, 0, 0, 0, 190, 0, 0
65.85,0, 0, 778.334, 0, 0, 0, 0, 0, -110.367, 0, 0, 0.576585, 0, 4.21, 0.0079, 0.8, 600, 0, 0, 0, 190, 0, 0
65.9,0, 0, 772.817, 0, 0, 0, 0, 0, -110.338, 0, 0, 0.576761, 0, 4.21, 0.0079, 0.8, 600, 0, 0, 0, 190, 0, 0
65.95,0, 0, 767.302, 0, 0, 0, 0, 0, -110.309, 0, 0, 0.576932, 0, 4.21, 0.0079, 0.8, 600, 0, 0, 0, 190, 0, 0
66,0, 0, 761.788, 0, 0, 0, 0, 0, -110.281, 0, 0, 0.577097, 0, 4.21, 0.0079, 0.8, 600, 0, 0, 0, 190, 0, 0
66.05,0, 0, 756.275, 0, 0, 0, 0, 0, -110.252, 0, 0, 0.577257, 0, 4.21, 0.0079, 0.8, 600, 0, 0, 0, 190, 0, 0
66.1,0, 0, 750.764, 0, 0, 0, 0, 0, -110.223, 0, 0, 0.577412, 0, 4.21, 0.0079, 0.8, 600, 0, 0, 0, 190, 0, 0
66.15,0, 0, 745.254, 0, 0, 0, 0, 0, -110.194, 0, 0, 0.577563, 0, 4.21, 0.0079, 0.8, 600, 0, 0, 0, 190, 0, 0
66.2,0, 0, 739.746, 0, 0, 0, 0, 0, -110.165, 0, 0, 0.577708, 0, 4.21, 0.0079, 0.8, 600, 0, 0, 0, 190, 0, 0
66.25,0, 0, 734.239, 0, 0, 0, 0, 0, -110.136, 0, 0, 0.577848, 0, 4.21, 0.0079, 0.8, 600, 0, 0, 0, 190, 0, 0
66.3,0, 0, 728.734, 0, 0, 0, 0, 0, -110.107, 0, 0, 0.577983, 0, 4.21, 0.0079, 0.8, 600, 0, 0, 0, 190, 0, 0
66.35,0, 0, 723.23, 0, 0, 0, 0, 0, -110.078, 0, 0, 0.578113, 0, 4.21, 0.0079, 0.8, 600, 0, 0, 0, 190, 0, 0
66.4,0, 0, 717.727, 0, 0, 0, 0, 0, -110.049, 0, 0, 0.578239, 0, 4.21, 0.0079, 0.8, 600, 0, 0, 0, 190, 0, 0
66.45,0, 0, 712.226, 0, 0, 0, 0, 0, -110.021, 0, 0, 0.57836, 0, 4.21, 0.0079, 0.8, 600, 0, 0, 0, 190, 0, 0
66.5,0, 0, 706.727, 0, 0, 0, 0, 0, -109.992, 0, 0, 0.578476, 0, 4.21, 0.0079, 0.8, 600, 0, 0, 0, 190, 0, 0
66.55,0, 0, 701.229, 0, 0, 0, 0, 0, -109.963, 0, 0, 0.578587, 0, 4.21, 0.0079, 0.8, 600, 0, 0, 0, 190, 0, 0
66.6,0, 0, 695.732, 0, 0, 0, 0, 0, -109.934, 0, 0, 0.578694, 0, 4.21, 0.0079, 0.8, 600, 0, 0, 0, 190, 0, 0
66.65,0, 0, 690.237, 0, 0, 0, 0, 0, -109.905, 0, 0, 0.578796, 0, 4.21, 0.0079, 0.8, 600, 0, 0, 0, 190, 0, 0
66.7,0, 0, 684.743, 0, 0, 0, 0, 0, -109.876, 0, 0, 0.578893, 0, 4.21, 0.0079, 0.8, 600, 0, 0, 0, 190, 0, 0
66.75,0, 0, 679.251, 0, 0, 0, 0, 0, -109.847, 0, 0, 0.578986, 0, 4.21, 0.0079, 0.8, 600, 0, 0, 0, 190, 0, 0
66.8,0, 0, 673.76, 0, 0, 0, 0, 0, -109.818, 0, 0, 0.579074, 0, 4.21, 0.0079, 0.8, 600, 0, 0, 0, 190, 0, 0
66.85,0, 0, 668.27, 0, 0, 0, 0, 0, -109.789, 0, 0, 0.579158, 0, 4.21, 0.0079, 0.8, 600, 0, 0, 0, 190, 0, 0
66.9,0, 0, 662.782, 0, 0, 0, 0, 0, -109.76, 0, 0, 0.579238, 0, 4.21, 0.0079, 0.8, 600, 0, 0, 0, 190, 0, 0
66.95,0, 0, 657.296, 0, 0, 0, 0, 0, -109.731, 0, 0, 0.579313, 0, 4.21, 0.0079, 0.8, 600, 0, 0, 0, 190, 0, 0
67,0, 0, 651.811, 0, 0, 0, 0, 0, -109.702, 0, 0, 0.579384, 0, 4.21, 0.0079, 0.8, 600, 0, 0, 0, 190, 0, 0
67.05,0, 0, 646.327, 0, 0, 0, 0, 0, -109.673, 0, 0, 0.579451, 0, 4.21, 0.0079, 0.8, 600, 0, 0, 0, 190, 0, 0
67.1,0, 0, 640.845, 0, 0, 0, 0, 0, -109.644, 0, 0, 0.579513, 0, 4.21, 0.0079, 0.8, 600, 0, 0, 0, 190, 0, 0
67.15,0, 0, 635.364, 0, 0, 0, 0, 0, -109.615, 0, 0, 0.579571, 0, 4.21, 0.0079, 0.8, 600, 0, 0, 0, 190, 0, 0
67.2,0, 0, 629.885, 0, 0, 0, 0, 0, -109.586, 0, 0, 0.579625, 0, 4.21, 0.0079, 0.8, 600, 0, 0, 0, 190, 0, 0
67.25,0, 0, 624.407, 0, 0, 0, 0, 0, -109.557, 0, 0, 0.579675, 0, 4.21, 0.0079, 0.8, 600, 0, 0, 0, 190, 0, 0
67.3,0, 0, 618.93, 0, 0, 0, 0, 0, -109.528, 0, 0, 0.579721, 0, 4.21, 0.0079, 0.8, 600, 0, 0, 0, 190, 0, 0
67.35,0, 0, 613.455, 0, 0, 0, 0, 0, -109.499, 0, 0, 0.579763, 0, 4.21, 0.0079, 0.8, 600, 0, 0, 0, 190, 0, 0
67.4,0, 0, 607.982, 0, 0, 0, 0, 0, -109.47, 0, 0, 0.579801, 0, 4.21, 0.0079, 0.8, 600, 0, 0, 0, 190, 0, 0
67.45,0, 0, 602.51, 0, 0, 0, 0, 0, -109.441, 0, 0, 0.579834, 0, 4.21, 0.0079, 0.8, 600, 0, 0, 0, 190, 0, 0
67.5,0, 0, 597.039, 0, 0, 0, 0, 0, -109.412, 0, 0, 0.579864, 0, 4.21, 0.0079, 0.8, 600, 0, 0, 0, 190, 0, 0
67.55,0, 0, 591.57, 0, 0, 0, 0, 0, -109.383, 0, 0, 0.57989, 0, 4.21, 0.0079, 0.8, 600, 0, 0, 0, 190, 0, 0
67.6,0, 0, 586.102, 0, 0, 0, 0, 0, -109.354, 0, 0, 0.579912, 0, 4.21, 0.0079, 0.8, 600, 0, 0, 0, 190, 0, 0
67.65,0, 0, 580.636, 0, 0, 0, 0, 0, -109.325, 0, 0, 0.57993, 0, 4.21, 0.0079, 0.8, 600, 0, 0, 0, 190, 0, 0
67.7,0, 0, 575.171, 0, 0, 0, 0, 0, -109.296, 0, 0, 0.579945, 0, 4.21, 0.0079, 0.8, 600, 0, 0, 0, 190, 0, 0
67.75,0, 0, 569.708, 0, 0, 0, 0, 0, -109.267, 0, 0, 0.579956, 0, 4.21, 0.0079, 0.8, 600, 0, 0, 0, 190, 0, 0
67.8,0, 0, 564.246, 0, 0, 0, 0, 0, -109.238, 0, 0, 0.579963, 0, 4.21, 0.0079, 0.8, 600, 0, 0, 0, 190, 0, 0
67.85,0, 0, 558.786, 0, 0, 0, 0, 0, -109.209, 0, 0, 0.579966, 0, 4.21, 0.0079, 0.8, 600, 0, 0, 0, 190, 0, 0
67.9,0, 0, 553.327, 0, 0, 0, 0, 0, -109.18, 0, 0, 0.579965, 0, 4.21, 0.0079, 0.8, 600, 0, 0, 0, 190, 0, 0
67.95,0, 0, 547.869, 0, 0, 0, 0, 0, -109.151, 0, 0, 0.579961, 0, 4.21, 0.0079, 0.8, 600, 0, 0, 0, 190, 0, 0
68,0, 0, 542.413, 0, 0, 0, 0, 0, -109.122, 0, 0, 0.579954, 0, 4.21, 0.0079, 0.8, 600, 0, 0, 0, 190, 0, 0
68.05,0, 0, 536.958, 0, 0, 0, 0, 0, -109.093, 0, 0, 0.579943, 0, 4.21, 0.0079, 0.8, 600, 0, 0, 0, 190, 0, 0
68.1,0, 0, 531.505, 0, 0, 0, 0, 0, -109.064, 0, 0, 0.579928, 0, 4.21, 0.0079, 0.8, 600, 0, 0, 0, 190, 0, 0
68.15,0, 0, 526.053, 0, 0, 0, 0, 0, -109.035, 0, 0, 0.57991, 0, 4.21, 0.0079, 0.8, 600, 0, 0, 0, 190, 0, 0
68.2,0, 0, 520.603, 0, 0, 0, 0, 0, -109.006, 0, 0, 0.579889, 0, 4.21, 0.0079, 0.8, 600, 0, 0, 0, 190, 0, 0
68.25,0, 0, 515.154, 0, 0, 0, 0, 0, -108.977, 0, 0, 0.579864, 0, 4.21, 0.0079, 0.8, 600, 0, 0, 0, 190, 0, 0
68.3,0, 0, 509.707, 0, 0, 0, 0, 0, -108.948, 0, 0, 0.579835, 0, 4.21, 0.0079, 0.8, 600, 0, 0, 0, 190, 0, 0
68.35,0, 0, 504.261, 0, 0, 0, 0, 0, -108.919, 0, 0, 0.579804, 0, 4.21, 0.0079, 0.8, 600, 0, 0, 0, 190, 0, 0
68.4,0, 0, 498.816, 0, 0, 0, 0, 0, -108.89, 0, 0, 0.579769, 0, 4.21, 0.0079, 0.8, 600, 0, 0, 0, 190, 0, 0
68.45,0, 0, 493.373, 0, 0, 0, 0, 0, -108.861, 0, 0, 0.57973, 0, 4.21, 0.0079, 0.8, 600, 0, 0, 0, 190, 0, 0
68.5,0, 0, 487.931, 0, 0, 0, 0, 0, -108.832, 0, 0, 0.579689, 0, 4.21, 0.0079, 0.8, 600, 0, 0, 0, 190, 0, 0
68.55,0, 0, 482.491, 0, 0, 0, 0, 0, -108.803, 0, 0, 0.579644, 0, 4.21, 0.0079, 0.8, 600, 0, 0, 0, 190, 0, 0
68.6,0, 0, 477.053, 0, 0, 0, 0, 0, -108.774, 0, 0, 0.579596, 0, 4.21, 0.0079, 0.8, 600, 0, 0, 0, 190, 0, 0
68.65,0, 0, 471.615, 0, 0, 0, 0, 0, -108.745, 0, 0, 0.579545, 0, 4.21, 0.0079, 0.8, 600, 0, 0, 0, 190, 0, 0
68.7,0, 0, 466.179, 0, 0, 0, 0, 0, -108.716, 0, 0, 0.579491, 0, 4.21, 0.0079, 0.8, 600, 0, 0, 0, 190, 0, 0
68.75,0, 0, 460.745, 0, 0, 0, 0, 0, -108.688, 0, 0, 0.579434, 0, 4.21, 0.0079, 0.8, 600, 0, 0, 0, 190, 0, 0
68.8,0, 0, 455.312, 0, 0, 0, 0, 0, -108.659, 0, 0, 0.579373, 0, 4.21, 0.0079, 0.8, 600, 0, 0, 0, 190, 0, 0
68.85,0, 0, 449.881, 0, 0, 0, 0, 0, -108.63, 0, 0, 0.57931, 0, 4.21, 0.0079, 0.8, 600, 0, 0, 0, 190, 0, 0
68.9,0, 0, 444.451, 0, 0, 0, 0, 0, -108.601, 0, 0, 0.579243, 0, 4.21, 0.0079, 0.8, 600, 0, 0, 0, 190, 0, 0
68.95,0, 0, 439.022, 0, 0, 0, 0, 0, -108.572, 0, 0, 0.579174, 0, 4.21, 0.0079, 0.8, 600, 0, 0, 0, 190, 0, 0
69,0, 0, 433.595, 0, 0, 0, 0, 0, -108.543, 0, 0, 0.579102, 0, 4.21, 0.0079, 0.8, 600, 0, 0, 0, 190, 0, 0
69.05,0, 0, 428.169, 0, 0, 0, 0, 0, -108.514, 0, 0, 0.579026, 0, 4.21, 0.0079, 0.8, 600, 0, 0, 0, 190, 0, 0
69.1,0, 0, 422.745, 0, 0, 0, 0, 0, -108.485, 0, 0, 0.578948, 0, 4.21, 0.0079, 0.8, 600, 0, 0, 0, 190, 0, 0
69.15,0, 0, 417.322, 0, 0, 0, 0, 0, -108.456, 0, 0, 0.578867, 0, 4.21, 0.0079, 0.8, 600, 0, 0, 0, 190, 0, 0
69.2,0, 0, 411.901, 0, 0, 0, 0, 0, -108.427, 0, 0, 0.578783, 0, 4.21, 0.0079, 0.8, 600, 0, 0, 0, 190, 0, 0
69.25,0, 0, 406.481, 0, 0, 0, 0, 0, -108.398, 0, 0, 0.578697, 0, 4.21, 0.0079, 0.8, 600, 0, 0, 0, 190, 0, 0
69.3,0, 0, 401.063, 0, 0, 0, 0, 0, -108.369, 0, 0, 0.578607, 0, 4.21, 0.0079, 0.8, 600, 0, 0, 0, 190, 0, 0
69.35,0, 0, 395.645, 0, 0, 0, 0, 0, -108.34, 0, 0, 0.578515, 0, 4.21, 0.0079, 0.8, 600, 0, 0, 0, 190, 0, 0
69.4,0, 0, 390.23, 0, 0, 0, 0, 0, -108.311, 0, 0, 0.57842, 0, 4.21, 0.0079, 0.8, 600, 0, 0, 0, 190, 0, 0
69.45,0, 0, 384.816, 0, 0, 0, 0, 0, -108.282, 0, 0, 0.578322, 0, 4.21, 0.0079, 0.8, 600, 0, 0, 0, 190, 0, 0
69.5,0, 0, 379.403, 0, 0, 0, 0, 0, -108.253, 0, 0, 0.578222, 0, 4.21, 0.0079, 0.8, 600, 0, 0, 0, 190, 0, 0
69.55,0, 0, 373.992, 0, 0, 0, 0, 0, -108.224, 0, 0, 0.578119, 0, 4.21, 0.0079, 0.8, 600, 0, 0, 0, 190, 0, 0
69.6,0, 0, 368.582, 0, 0, 0, 0, 0, -108.196, 0, 0, 0.578014, 0, 4.21, 0.0079, 0.8, 600, 0, 0, 0, 190, 0, 0
69.65,0, 0, 363.174, 0, 0, 0, 0, 0, -108.167, 0, 0, 0.577906, 0, 4.21, 0.0079, 0.8, 600, 0, 0, 0, 190, 0, 0
69.7,0, 0, 357.767, 0, 0, 0, 0, 0, -108.138, 0, 0, 0.577795, 0, 4.21, 0.0079, 0.8, 600, 0, 0, 0, 190, 0, 0
69.75,0, 0, 352.361, 0, 0, 0, 0, 0, -108.109, 0, 0, 0.577682, 0, 4.21, 0.0079, 0.8, 600, 0, 0, 0, 190, 0, 0
69.8,0, 0, 346.957, 0, 0, 0, 0, 0, -108.08, 0, 0, 0.577566, 0, 4.21, 0.0079, 0.8, 600, 0, 0, 0, 190, 0, 0
69.85,0, 0, 341.555, 0, 0, 0, 0, 0, -108.051, 0, 0, 0.577448, 0, 4.21, 0.0079, 0.8, 600, 0, 0, 0, 190, 0, 0
69.9,0, 0, 336.154, 0, 0, 0, 0, 0, -108.022, 0, 0, 0.577327, 0, 4.21, 0.0079, 0.8, 600, 0, 0, 0, 190, 0, 0
69.95,0, 0, 330.754, 0, 0, 0, 0, 0, -107.993, 0, 0, 0.577204, 0, 4.21, 0.0079, 0.8, 600, 0, 0, 0, 190, 0, 0
70,0, 0, 325.356, 0, 0, 0, 0, 0, -107.965, 0, 0, 0.577078, 0, 4.21, 0.0079, 0.8, 600, 0, 0, 0, 190, 0, 0
70.05,0, 0, 319.959, 0, 0, 0, 0, 0, -107.936, 0, 0, 0.57695, 0, 4.21, 0.0079, 0.8, 600, 0, 0, 0, 190, 0, 0
70.1,0, 0, 314.564, 0, 0, 0, 0, 0, -107.907, 0, 0, 0.57682, 0, 4.21, 0.0079, 0.8, 600, 0, 0, 0, 190, 0, 0
70.15,0, 0, 309.17, 0, 0, 0, 0, 0, -107.878, 0, 0, 0.576687, 0, 4.21, 0.0079, 0.8, 600, 0, 0, 0, 190, 0, 0
70.2,0, 0, 303.777, 0, 0, 0, 0, 0, -107.849, 0, 0, 0.576552, 0, 4.21, 0.0079, 0.8, 600, 0, 0, 0, 190, 0, 0
70.25,0, 0, 298.386, 0, 0, 0, 0, 0, -107.82, 0, 0, 0.576415, 0, 4.21, 0.0079, 0.8, 600, 0, 0, 0, 190, 0, 0
70.3,0, 0, 292.997, 0, 0, 0, 0, 0, -107.792, 0, 0, 0.576276, 0, 4.21, 0.0079, 0.8, 600, 0, 0, 0, 190, 0, 0
70.35,0, 0, 287.609, 0, 0, 0, 0, 0, -107.763, 0, 0, 0.576134, 0, 4.21, 0.0079, 0.8, 600, 0, 0, 0, 190, 0, 0
70.4,0, 0, 282.222, 0, 0, 0, 0, 0, -107.734, 0, 0, 0.57599, 0, 4.21, 0.0079, 0.8, 600, 0, 0, 0, 190, 0, 0
70.45,0, 0, 276.837, 0, 0, 0, 0, 0, -107.705, 0, 0, 0.575844, 0, 4.21, 0.0079, 0.8, 600, 0, 0, 0, 190, 0, 0
70.5,0, 0, 271.453, 0, 0, 0, 0, 0, -107.676, 0, 0, 0.575695, 0, 4.21, 0.0079, 0.8, 600, 0, 0, 0, 190, 0, 0
70.55,0, 0, 266.071, 0, 0, 0, 0, 0, -107.648, 0, 0, 0.575545, 0, 4.21, 0.0079, 0.8, 600, 0, 0, 0, 190, 0, 0
70.6,0, 0, 260.69, 0, 0, 0, 0, 0, -107.619, 0, 0, 0.575392, 0, 4.21, 0.0079, 0.8, 600, 0, 0, 0, 190, 0, 0
70.65,0, 0, 255.31, 0, 0, 0, 0, 0, -107.59, 0, 0, 0.575237, 0, 4.21, 0.0079, 0.8, 600, 0, 0, 0, 190, 0, 0
70.7,0, 0, 249.932, 0, 0, 0, 0, 0, -107.561, 0, 0, 0.57508, 0, 4.21, 0.0079, 0.8, 600, 0, 0, 0, 190, 0, 0
70.75,0, 0, 244.555, 0, 0, 0, 0, 0, -107.533, 0, 0, 0.574921, 0, 4.21, 0.0079, 0.8, 600, 0, 0, 0, 190, 0, 0
70.8,0, 0, 239.18, 0, 0, 0, 0, 0, -107.504, 0, 0, 0.57476, 0, 4.21, 0.0079, 0.8, 600, 0, 0, 0, 190, 0, 0
70.85,0, 0, 233.806, 0, 0, 0, 0, 0, -107.475, 0, 0, 0.574597, 0, 4.21, 0.0079, 0.8, 600, 0, 0, 0, 190, 0, 0
70.9,0, 0, 228.434, 0, 0, 0, 0, 0, -107.446, 0, 0, 0.574432, 0, 4.21, 0.0079, 0.8, 600, 0, 0, 0, 190, 0, 0
70.95,0, 0, 223.063, 0, 0, 0, 0, 0, -107.418, 0, 0, 0.574265, 0, 4.21, 0.0079, 0.8, 600, 0, 0, 0, 190, 0, 0
71,0, 0, 217.694, 0, 0, 0, 0, 0, -107.389, 0, 0, 0.574096, 0, 4.21, 0.0079, 0.8, 600, 0, 0, 0, 190, 0, 0
71.05,0, 0, 212.326, 0, 0, 0, 0, 0, -107.36, 0, 0, 0.573926, 0, 4.21, 0.0079, 0.8, 600, 0, 0, 0, 190, 0, 0
71.1,0, 0, 206.959, 0, 0, 0, 0, 0, -107.332, 0, 0, 0.573753, 0, 4.21, 0.0079, 0.8, 600, 0, 0, 0, 190, 0, 0
71.15,0, 0, 201.594, 0, 0, 0, 0, 0, -107.303, 0, 0, 0.573578, 0, 4.21, 0.0079, 0.8, 600, 0, 0, 0, 190, 0, 0
71.2,0, 0, 196.23, 0, 0, 0, 0, 0, -107.274, 0, 0, 0.573401, 0, 4.21, 0.0079, 0.8, 600, 0, 0, 0, 190, 0, 0
71.25,0, 0, 190.868, 0, 0, 0, 0, 0, -107.246, 0, 0, 0.573223, 0, 4.21, 0.0079, 0.8, 600, 0, 0, 0, 190, 0, 0
71.3,0, 0, 185.507, 0, 0, 0, 0, 0, -107.217, 0, 0, 0.573043, 0, 4.21, 0.0079, 0.8, 600, 0, 0, 0, 190, 0, 0
71.35,0, 0, 180.148, 0, 0, 0, 0, 0, -107.188, 0, 0, 0.572861, 0, 4.21, 0.0079, 0.8, 600, 0, 0, 0, 190, 0, 0
71.4,0, 0, 174.79, 0, 0, 0, 0, 0, -107.16, 0, 0, 0.572677, 0, 4.21, 0.0079, 0.8, 600, 0, 0, 0, 190, 0, 0
71.45,0, 0, 169.433, 0, 0, 0, 0, 0, -107.131, 0, 0, 0.572491, 0, 4.21, 0.0079, 0.8, 600, 0, 0, 0, 190, 0, 0
71.5,0, 0, 164.078, 0, 0, 0, 0, 0, -107.102, 0, 0, 0.572304, 0, 4.21, 0.0079, 0.8, 600, 0, 0, 0, 190, 0, 0
71.55,0, 0, 158.724, 0, 0, 0, 0, 0, -107.074, 0, 0, 0.572114, 0, 4.21, 0.0079, 0.8, 600, 0, 0, 0, 190, 0, 0
71.6,0, 0, 153.372, 0, 0, 0, 0, 0, -107.045, 0, 0, 0.571923, 0, 4.21, 0.0079, 0.8, 600, 0, 0, 0, 190, 0, 0
71.65,0, 0, 148.021, 0, 0, 0, 0, 0, -107.017, 0, 0, 0.571731, 0, 4.21, 0.0079, 0.8, 600, 0, 0, 0, 190, 0, 0
71.7,0, 0, 142.672, 0, 0, 0, 0, 0, -106.988, 0, 0, 0.571536, 0, 4.21, 0.0079, 0.8, 600, 0, 0, 0, 190, 0, 0
71.75,0, 0, 137.324, 0, 0, 0, 0, 0, -106.959, 0, 0, 0.57134, 0, 4.21, 0.0079, 0.8, 600, 0, 0, 0, 190, 0, 0
71.8,0, 0, 131.977, 0, 0, 0, 0, 0, -106.931, 0, 0, 0.571143, 0, 4.21, 0.0079, 0.8, 600, 0, 0, 0, 190, 0, 0
71.85,0, 0, 126.632, 0, 0, 0, 0, 0, -106.902, 0, 0, 0.570944, 0, 4.21, 0.0079, 0.8, 600, 0, 0, 0, 190, 0, 0
71.9,0, 0, 121.289, 0, 0, 0, 0, 0, -106.874, 0, 0, 0.570743, 0, 4.21, 0.0079, 0.8, 600, 0, 0, 0, 190, 0, 0
71.95,0, 0, 115.946, 0, 0, 0, 0, 0, -106.845, 0, 0, 0.57054, 0, 4.21, 0.0079, 0.8, 600, 0, 0, 0, 190, 0, 0
72,0, 0, 110.606, 0, 0, 0, 0, 0, -106.817, 0, 0, 0.570336, 0, 4.21, 0.0079, 0.8, 600, 0, 0, 0, 190, 0, 0
72.05,0, 0, 105.266, 0, 0, 0, 0, 0, -106.788, 0, 0, 0.57013, 0, 4.21, 0.0079, 0.8, 600, 0, 0, 0, 190, 0, 0
72.1,0, 0, 99.9281, 0, 0, 0, 0, 0, -106.76, 0, 0, 0.569923, 0, 4.21, 0.0079, 0.8, 600, 0, 0, 0, 190, 0, 0
72.15,0, 0, 94.5915, 0, 0, 0, 0, 0, -106.731, 0, 0, 0.569715, 0, 4.21, 0.0079, 0.8, 600, 0, 0, 0, 190, 0, 0
72.2,0, 0, 89.2564, 0, 0, 0, 0, 0, -106.703, 0, 0, 0.569504, 0, 4.21, 0.0079, 0.8, 600, 0, 0, 0, 190, 0, 0
72.25,0, 0, 83.9227, 0, 0, 0, 0, 0, -106.674, 0, 0, 0.569293, 0, 4.21, 0.0079, 0.8, 600, 0, 0, 0, 190, 0, 0
72.3,0, 0, 78.5904, 0, 0, 0, 0, 0, -106.646, 0, 0, 0.56908, 0, 4.21, 0.0079, 0.8, 600, 0, 0, 0, 190, 0, 0
72.35,0, 0, 73.2595, 0, 0, 0, 0, 0, -106.617, 0, 0, 0.568865, 0, 4.21, 0.0079, 0.8, 600, 0, 0, 0, 190, 0, 0
72.4,0, 0, 67.9301, 0, 0, 0, 0, 0, -106.589, 0, 0, 0.568649, 0, 4.21, 0.0079, 0.8, 600, 0, 0, 0, 190, 0, 0
72.45,0, 0, 62.602, 0, 0, 0, 0, 0, -106.561, 0, 0, 0.568431, 0, 4.21, 0.0079, 0.8, 600, 0, 0, 0, 190, 0, 0
72.5,0, 0, 57.2754, 0, 0, 0, 0, 0, -106.532, 0, 0, 0.568212, 0, 4.21, 0.0079, 0.8, 600, 0, 0, 0, 190, 0, 0
72.55,0, 0, 51.9502, 0, 0, 0, 0, 0, -106.504, 0, 0, 0.567992, 0, 4.21, 0.0079, 0.8, 600, 0, 0, 0, 190, 0, 0
72.6,0, 0, 46.6265, 0, 0, 0, 0, 0, -106.475, 0, 0, 0.56777, 0, 4.21, 0.0079, 0.8, 600, 0, 0, 0, 190, 0, 0
72.65,0, 0, 41.3041, 0, 0, 0, 0, 0, -106.447, 0, 0, 0.567547, 0, 4.21, 0.0079, 0.8, 600, 0, 0, 0, 190, 0, 0
72.7,0, 0, 35.9832, 0, 0, 0, 0, 0, -106.419, 0, 0, 0.567323, 0, 4.21, 0.0079, 0.8, 600, 0, 0, 0, 190, 0, 0
72.75,0, 0, 30.6637, 0, 0, 0, 0, 0, -106.39, 0, 0, 0.567097, 0, 4.21, 0.0079, 0.8, 600, 0, 0, 0, 190, 0, 0
72.8,0, 0, 25.3456, 0, 0, 0, 0, 0, -106.362, 0, 0, 0.56687, 0, 4.21, 0.0079, 0.8, 600, 0, 0, 0, 190, 0, 0
72.85,0, 0, 20.0289, 0, 0, 0, 0, 0, -106.334, 0, 0, 0.566642, 0, 4.21, 0.0079, 0.8, 600, 0, 0, 0, 190, 0, 0
72.9,0, 0, 14.7136, 0, 0, 0, 0, 0, -106.305, 0, 0, 0.566412, 0, 4.21, 0.0079, 0.8, 600, 0, 0, 0, 190, 0, 0
72.95,0, 0, 9.39976, 0, 0, 0, 0, 0, -106.277, 0, 0, 0.566181, 0, 4.21, 0.0079, 0.8, 600, 0, 0, 0, 190, 0, 0
73,0, 0, 4.08732, 0, 0, 0, 0, 0, -106.249, 0, 0, 0.565949, 0, 4.21, 0.0079, 0.8, 600, 0, 0, 0, 190, 0, 0
